season,week,gameday,game_id,away_team,home_team,independent_home_margin,model_home_margin,spread_line,spread_edge,spread_candidate_side,spread_pick,spread_probability,spread_probability_edge,spread_expected_value,spread_market_price,spread_status,independent_total,model_total,total_line,total_edge,total_candidate_side,total_pick,total_probability,total_probability_edge,total_expected_value,total_market_price,total_status,model_favorite,model_total_lean,home_games_in_window,away_games_in_window,home_score,away_score,away_moneyline,home_moneyline,away_spread_odds,home_spread_odds,over_odds,under_odds,spread_pick_line,moneyline_pick,moneyline_price,spread_odds,total_odds,model_home_score,model_away_score,max_edge,locked_at_utc
2026,5,2026-10-08,2026_05_TB_DAL,TB,DAL,1.285257661701834,1.285257661701834,8.5,-7.214742338298166,DAL,,0.6002648169146734,0.0719629301222205,0.1362155463027746,-112.0,NO BET,45.04309243849552,45.04309243849552,47.5,-2.4569075615044795,OVER,,0.5406059552471769,0.0057222343169444,0.010698090244722,-115.0,NO BET,DAL,OVER,8,8,,,350.0,-455.0,-108.0,-112.0,-115.0,-105.0,,,,,,23.164175050098677,21.878917388396843,7.214742338298166,2026-10-07T01:03:29+00:00
2026,5,2026-10-11,2026_05_PHI_JAX,PHI,JAX,8.634281253577598,8.634281253577598,7.0,1.6342812535775977,JAX,,0.5757213809602482,0.0474194941677953,0.089758328246184,-112.0,NO BET,44.980111917595465,44.980111917595465,42.5,2.4801119175954653,OVER,,0.5828006665034005,0.0544987797109476,0.1031584044528651,-112.0,NO BET,JAX,OVER,8,8,,,260.0,-325.0,-108.0,-112.0,-112.0,-108.0,,,,,,26.80719658558653,18.172915332008934,2.4801119175954653,2026-10-07T01:03:29+00:00
2026,5,2026-10-11,2026_05_CIN_MIA,CIN,MIA,-9.554924760033636,-9.554924760033636,-7.0,-2.554924760033636,MIA,,0.5694735498133098,0.0502427805825405,0.0967638737145225,-108.0,NO BET,42.15881916439956,42.15881916439956,42.5,-0.34118083560044,UNDER,,0.5695454059822191,0.0457358821726953,0.0873139568751456,-110.0,NO BET,CIN,UNDER,8,8,,,-345.0,275.0,-112.0,-108.0,-110.0,-110.0,,,,,,16.301947202182962,25.856871962216598,2.554924760033636,2026-10-07T01:03:29+00:00
2026,5,2026-10-11,2026_05_LV_NE,LV,NE,10.865807679587355,10.865807679587355,3.5,7.3658076795873555,LV,,0.5437697470295247,0.0199602232200009,0.038105880692729,-110.0,NO BET,40.43513281908931,40.43513281908931,45.5,-5.064867180910689,OVER,,0.4936382852485525,-0.018556836702667,-0.0362300145147307,-105.0,NO BET,NE,OVER,8,8,,,160.0,-192.0,-110.0,-110.0,-105.0,-115.0,,,,,,25.650470249338333,14.784662569750978,7.3658076795873555,2026-10-07T01:03:29+00:00
2026,5,2026-10-11,2026_05_MIN_NO,MIN,NO,2.0697471461764487,2.0697471461764487,-1.5,3.5697471461764487,MIN,MIN,0.6222613683040764,0.0873776473738439,0.1633582103076211,-115.0,VALIDATED,43.80483701978918,43.80483701978918,42.5,1.3048370197891828,UNDER,,0.6348180272850371,0.1110085034755132,0.2119253248168889,-110.0,NO BET,NO,UNDER,8,8,,,-130.0,110.0,-115.0,-105.0,-110.0,-110.0,-1.5,,,-115.0,,22.937292082982815,20.867544936806368,3.5697471461764487,2026-10-07T01:03:29+00:00
2026,5,2026-10-11,2026_05_CLE_NYJ,CLE,NYJ,0.0729601393808738,0.0729601393808738,2.5,-2.427039860619126,NYJ,,0.5335212590935302,0.0142904898627609,0.0275224249208729,-108.0,NO BET,40.18857956713302,40.18857956713302,39.5,0.6885795671330186,UNDER,,0.5601577795885411,0.0552072845390361,0.109332073302797,-102.0,NO BET,NYJ,UNDER,8,8,,,110.0,-130.0,-112.0,-108.0,-118.0,-102.0,,,,,,20.130769853256947,20.057809713876072,2.427039860619126,2026-10-07T01:03:29+00:00
2026,5,2026-10-11,2026_05_IND_PIT,IND,PIT,6.763875160383794,6.763875160383794,2.5,4.263875160383794,IND,IND,0.5667169489522763,0.0545218270010567,0.1064473765258727,-105.0,VALIDATED,42.037437383769,42.037437383769,44.5,-2.462562616230997,UNDER,,0.6125502516978877,0.0933194824671184,0.1797264106774133,-108.0,NO BET,PIT,UNDER,8,8,,,120.0,-142.0,-105.0,-115.0,-112.0,-108.0,2.5,,,-105.0,,24.400656272076397,17.636781111692606,4.263875160383794,2026-10-07T01:03:29+00:00
2026,5,2026-10-11,2026_05_HOU_TEN,HOU,TEN,-0.926053896751478,-0.926053896751478,-7.5,6.573946103248522,TEN,,0.6479872685440053,0.1131035476137728,0.2114544585822708,-115.0,NO BET,43.14737283659824,43.14737283659824,38.5,4.647372836598237,UNDER,,0.5538952211872629,0.030085697377739,0.0574363313575018,-110.0,NO BET,HOU,UNDER,8,8,,,-375.0,295.0,-105.0,-115.0,-110.0,-110.0,,,,,,21.11065946992338,22.036713366674856,6.573946103248522,2026-10-07T01:03:29+00:00
2026,5,2026-10-11,2026_05_NYG_WAS,NYG,WAS,4.365521009954355,4.365521009954355,3.5,0.8655210099543549,WAS,,0.5307057407534688,0.0185106188022492,0.0361397795662961,-105.0,NO BET,43.61407738623724,43.61407738623724,43.5,0.1140773862372412,UNDER,,0.5150046057470258,-0.013297281045427,-0.0251698534074154,-112.0,NO BET,WAS,UNDER,8,8,,,145.0,-175.0,-115.0,-105.0,-108.0,-112.0,,,,,,23.9897991980958,19.624278188141442,0.8655210099543549,2026-10-07T01:03:29+00:00
2026,5,2026-10-11,2026_05_DEN_LAC,DEN,LAC,-0.0121488188989111,-0.0121488188989111,-3.5,3.487851181101089,DEN,,0.5070890945087599,-0.0167204293007638,-0.0319208195741855,-110.0,NO BET,39.65810844301981,39.65810844301981,42.5,-2.841891556980187,UNDER,,0.5550566818858429,0.031247158076319,0.0596536654184273,-110.0,NO BET,DEN,UNDER,8,8,,,-185.0,154.0,-110.0,-110.0,-110.0,-110.0,,,,,,19.822979812060453,19.83512863095936,3.487851181101089,2026-10-07T01:03:29+00:00
2026,5,2026-10-11,2026_05_DET_ARI,DET,ARI,-3.535858444024929,-3.535858444024929,-4.5,0.964141555975071,ARI,,0.5318036137069795,-0.003080107223253,-0.0057584613304296,-115.0,NO BET,46.69811879092418,46.69811879092418,54.5,-7.801881209075823,UNDER,,0.5875537435028337,0.0683229742720644,0.131584987486939,-108.0,NO BET,DET,UNDER,8,8,,,-218.0,180.0,-105.0,-115.0,-112.0,-108.0,,,,,,21.581130173449623,25.116988617474554,7.801881209075823,2026-10-07T01:03:29+00:00
2026,5,2026-10-11,2026_05_CHI_GB,CHI,GB,-6.660790944576636,-6.660790944576636,-3.0,-3.660790944576636,CHI,,0.4880248275280155,-0.0169256675214893,-0.0335194592092241,-102.0,NO BET,45.44380669031449,45.44380669031449,45.5,-0.0561933096855113,UNDER,,0.5089000883246095,-0.0194017984678432,-0.0367248328141319,-112.0,NO BET,CHI,UNDER,8,8,,,-148.0,124.0,-102.0,-118.0,-108.0,-112.0,,,,,,19.391507872868928,26.05229881744556,3.660790944576636,2026-10-07T01:03:29+00:00
2026,5,2026-10-11,2026_05_SF_SEA,SF,SEA,1.0997222783321745,1.0997222783321745,2.5,-1.4002777216678255,SF,SF,0.6892377685108813,0.1892377685108812,0.3784755370217625,100.0,VALIDATED,48.287299074675445,48.287299074675445,46.5,1.7872990746754454,OVER,,0.5628431185326493,0.0279593976024168,0.0522719172566922,-115.0,NO BET,SEA,OVER,8,8,,,130.0,-155.0,100.0,-120.0,-115.0,-105.0,2.5,,,100.0,,24.69351067650381,23.593788398171636,1.7872990746754454,2026-10-07T01:03:29+00:00
2026,5,2026-10-11,2026_05_BAL_ATL,BAL,ATL,-6.998500662773187,-6.998500662773187,3.5,-10.498500662773187,BAL,BAL,0.6221050481480959,0.0872213272178633,0.1630659595812227,-115.0,VALIDATED,46.84280508423318,46.84280508423318,43.5,3.342805084233177,UNDER,,0.5940811427528396,0.0818860208016201,0.1598727072793535,-105.0,NO BET,BAL,UNDER,8,8,,,154.0,-185.0,-115.0,-105.0,-115.0,-105.0,3.5,,,-115.0,,19.922152210729994,26.920652873503183,10.498500662773187,2026-10-07T01:03:29+00:00
2026,5,2026-10-12,2026_05_BUF_LA,BUF,LA,-3.4124222479056714,-3.4124222479056714,2.5,-5.912422247905671,BUF,BUF,0.6030047250753411,0.103004725075341,0.2060094501506821,100.0,VALIDATED,51.59424215375651,51.59424215375651,54.5,-2.905757846243489,UNDER,,0.5614243190694337,0.0492291971182141,0.0961141467546086,-105.0,NO BET,BUF,UNDER,8,8,,,130.0,-155.0,100.0,-120.0,-115.0,-105.0,2.5,,,100.0,,24.09090995292542,27.503332200831093,5.912422247905671,2026-10-07T01:03:29+00:00
