season,week,gameday,game_id,away_team,home_team,final_score,spread_line,ats_side,ats_line,cover_probability,break_even_probability,ats_edge,price,result,unit_profit
2025,1,2025-09-07,2025_01_DET_GB,DET,GB,DET 13 - GB 27,1.5,DET,1.5,0.5850146257306095,0.5348837209302325,0.05013090480037696,-115.0,LOSS,-1.0
2025,1,2025-09-07,2025_01_LV_NE,LV,NE,LV 20 - NE 13,2.5,LV,2.5,0.6537933194020373,0.5,0.15379331940203733,100.0,WIN,1.0
2025,1,2025-09-07,2025_01_MIA_IND,MIA,IND,MIA 8 - IND 33,1.5,MIA,1.5,0.5987189200723821,0.5412844036697247,0.0574345164026574,-118.0,LOSS,-1.0
2025,1,2025-09-07,2025_01_SF_SEA,SF,SEA,SF 17 - SEA 13,-2.5,SF,-2.5,0.5351966975096006,0.5121951219512195,0.023001575558381115,-105.0,WIN,0.9523809523809523
2025,1,2025-09-07,2025_01_TB_ATL,TB,ATL,TB 23 - ATL 20,-1.5,TB,-1.5,0.5554796189487021,0.504950495049505,0.05052912389919717,-102.0,WIN,0.9803921568627451
2025,1,2025-09-08,2025_01_MIN_CHI,MIN,CHI,MIN 27 - CHI 24,-1.5,MIN,-1.5,0.5686009612213982,0.5,0.06860096122139825,100.0,WIN,1.0
2025,2,2025-09-14,2025_02_ATL_MIN,ATL,MIN,ATL 22 - MIN 6,3.5,ATL,3.5,0.5696917906265246,0.5348837209302325,0.03480806969629213,-115.0,WIN,0.8695652173913043
2025,2,2025-09-14,2025_02_SEA_PIT,SEA,PIT,SEA 31 - PIT 17,3.5,SEA,3.5,0.5493964325652112,0.5238095238095238,0.025586908755687365,-110.0,WIN,0.9090909090909091
2025,2,2025-09-15,2025_02_LAC_LV,LAC,LV,LAC 20 - LV 9,-3.5,LAC,-3.5,0.5566534223913422,0.5121951219512195,0.04445830044012267,-105.0,WIN,0.9523809523809523
2025,3,2025-09-21,2025_03_ARI_SF,ARI,SF,ARI 15 - SF 16,1.5,ARI,1.5,0.6124822628856144,0.5283018867924528,0.08418037609316154,-112.0,WIN,0.8928571428571429
2025,3,2025-09-21,2025_03_DEN_LAC,DEN,LAC,DEN 20 - LAC 23,2.5,DEN,2.5,0.5748957187843408,0.5,0.07489571878434076,100.0,LOSS,-1.0
2025,3,2025-09-21,2025_03_HOU_JAX,HOU,JAX,HOU 10 - JAX 17,1.5,HOU,1.5,0.5610085735224093,0.5192307692307693,0.04177780429164002,-108.0,LOSS,-1.0
2025,3,2025-09-21,2025_03_LV_WAS,LV,WAS,LV 24 - WAS 41,2.5,LV,2.5,0.6094485379830001,0.5,0.10944853798300014,100.0,LOSS,-1.0
2025,4,2025-09-25,2025_04_SEA_ARI,SEA,ARI,SEA 23 - ARI 20,-1.5,SEA,-1.5,0.5663303959911297,0.5238095238095238,0.04252087218160583,-110.0,WIN,0.9090909090909091
2025,4,2025-09-28,2025_04_BAL_KC,BAL,KC,BAL 20 - KC 37,-2.5,BAL,-2.5,0.5762901960632688,0.5454545454545454,0.030835650608723397,-120.0,LOSS,-1.0
2025,4,2025-09-28,2025_04_CHI_LV,CHI,LV,CHI 25 - LV 24,1.5,CHI,1.5,0.5796557699085934,0.5238095238095238,0.05584624609906952,-110.0,WIN,0.9090909090909091
2025,4,2025-09-28,2025_04_JAX_SF,JAX,SF,JAX 26 - SF 21,3.5,JAX,3.5,0.5780730831776573,0.5454545454545454,0.03261853772311185,-120.0,WIN,0.8333333333333334
2025,4,2025-09-29,2025_04_NYJ_MIA,NYJ,MIA,NYJ 21 - MIA 27,2.5,NYJ,2.5,0.590034437447026,0.5121951219512195,0.07783931549580647,-105.0,LOSS,-1.0
2025,5,2025-10-05,2025_05_HOU_BAL,HOU,BAL,HOU 44 - BAL 10,-2.5,HOU,-2.5,0.5996146441239236,0.5412844036697247,0.05833024045419888,-118.0,WIN,0.847457627118644
2025,5,2025-10-05,2025_05_MIA_CAR,MIA,CAR,MIA 24 - CAR 27,-1.5,MIA,-1.5,0.5406519247506845,0.5121951219512195,0.028456802799464942,-105.0,LOSS,-1.0
2025,5,2025-10-05,2025_05_WAS_LAC,WAS,LAC,WAS 27 - LAC 10,2.5,WAS,2.5,0.5898386821846873,0.5,0.08983868218468727,100.0,WIN,1.0
2025,6,2025-10-12,2025_06_DET_KC,DET,KC,DET 17 - KC 30,2.5,DET,2.5,0.5511665772205404,0.5121951219512195,0.03897145526932089,-105.0,LOSS,-1.0
2025,6,2025-10-12,2025_06_SEA_JAX,SEA,JAX,SEA 20 - JAX 12,-1.5,SEA,-1.5,0.5286572174420265,0.5,0.02865721744202654,100.0,WIN,1.0
2025,7,2025-10-19,2025_07_ATL_SF,ATL,SF,ATL 10 - SF 20,1.5,ATL,1.5,0.6316611873029698,0.5454545454545454,0.08620664184842441,-120.0,LOSS,-1.0
2025,7,2025-10-19,2025_07_IND_LAC,IND,LAC,IND 38 - LAC 24,2.5,IND,2.5,0.6042634557808171,0.5192307692307693,0.08503268655004781,-108.0,WIN,0.9259259259259259
2025,7,2025-10-19,2025_07_WAS_DAL,WAS,DAL,WAS 22 - DAL 44,1.5,WAS,1.5,0.5735732851954898,0.5192307692307693,0.054342515964720506,-108.0,LOSS,-1.0
2025,9,2025-11-02,2025_09_IND_PIT,IND,PIT,IND 20 - PIT 27,-3.5,IND,-3.5,0.5402277279676111,0.5,0.04022772796761109,100.0,LOSS,-1.0
2025,9,2025-11-02,2025_09_SF_NYG,SF,NYG,SF 34 - NYG 24,-2.5,SF,-2.5,0.5788153869268542,0.5454545454545454,0.03336084147230878,-120.0,WIN,0.8333333333333334
2025,11,2025-11-16,2025_11_CHI_MIN,CHI,MIN,CHI 19 - MIN 17,3.0,CHI,3.0,0.5938822883125991,0.5348837209302325,0.05899856738236664,-115.0,WIN,0.8695652173913043
2025,11,2025-11-16,2025_11_DET_PHI,DET,PHI,DET 9 - PHI 16,2.5,DET,2.5,0.5386730612046009,0.504950495049505,0.033722566155095945,-102.0,LOSS,-1.0
2025,11,2025-11-16,2025_11_SEA_LA,SEA,LA,SEA 19 - LA 21,3.0,SEA,3.0,0.6368282975548814,0.5,0.13682829755488135,100.0,WIN,1.0
2025,12,2025-11-23,2025_12_ATL_NO,ATL,NO,ATL 24 - NO 10,1.5,ATL,1.5,0.5827761332384906,0.5283018867924528,0.05447424644603782,-112.0,WIN,0.8928571428571429
2025,12,2025-11-23,2025_12_IND_KC,IND,KC,IND 20 - KC 23,3.5,IND,3.5,0.5415216363551487,0.5,0.04152163635514872,100.0,WIN,1.0
2025,14,2025-12-07,2025_14_IND_JAX,IND,JAX,IND 19 - JAX 36,-2.5,IND,-2.5,0.6264231445320747,0.5283018867924528,0.09812125773962188,-112.0,LOSS,-1.0
2025,14,2025-12-07,2025_14_WAS_MIN,WAS,MIN,WAS 0 - MIN 31,-1.5,WAS,-1.5,0.5326764549096883,0.504950495049505,0.027725959860183336,-102.0,LOSS,-1.0
2025,15,2025-12-14,2025_15_BUF_NE,BUF,NE,BUF 35 - NE 31,-2.5,BUF,-2.5,0.6393302139302379,0.5238095238095238,0.11552069012071409,-110.0,WIN,0.9090909090909091
2025,15,2025-12-14,2025_15_CAR_NO,CAR,NO,CAR 17 - NO 20,-2.5,CAR,-2.5,0.5743445123099739,0.5412844036697247,0.03306010864024911,-118.0,LOSS,-1.0
2025,15,2025-12-14,2025_15_WAS_NYG,WAS,NYG,WAS 29 - NYG 21,2.5,WAS,2.5,0.6140343404016795,0.5121951219512195,0.10183921845045996,-105.0,WIN,0.9523809523809523
2025,16,2025-12-18,2025_16_LA_SEA,LA,SEA,LA 37 - SEA 38,1.5,LA,1.5,0.5579512979676448,0.5238095238095238,0.03414177415812092,-110.0,WIN,0.9090909090909091
