season,through_week,position,rank,player_id,player_name,team,games,raw_fppg,opponent_adjustment_pct,avg_opponent_factor,adjusted_fppg
2026,4,QB,1,00-0034857,Josh Allen,BUF,4,28.115000000000002,-0.046780552635629524,1.0015536812994277,26.79976476264928
2026,4,QB,2,00-0037834,Brock Purdy,SF,4,25.12,-0.008284130240663878,1.0033151843399657,24.911902648354523
2026,4,QB,3,00-0039918,Caleb Williams,CHI,2,22.49,-0.02352421665311455,1.07998969993622,21.96094036747145
2026,4,QB,4,00-0039150,Bryce Young,CAR,4,22.655,-0.03353477679832251,0.9527022759611419,21.895269631634005
2026,4,QB,5,00-0029604,Kirk Cousins,LV,4,19.71,0.06367345529938162,1.0614139523934185,20.965003803950815
2026,4,QB,6,00-0033106,Jared Goff,DET,4,21.515,-0.02990187290065971,0.9905530125365681,20.871661204542306
2026,4,QB,7,00-0033873,Patrick Mahomes,KC,4,20.895,-0.0105883784400439,0.9991052633728386,20.67375583249528
2026,4,QB,8,00-0036442,Joe Burrow,CIN,4,19.16,0.07123555144040394,1.0648607362861566,20.52487316559814
2026,4,QB,9,00-0040743,Tyler Shough,NO,4,21.330000000000002,-0.05697465430383197,0.9485463777964798,20.114730623699266
2026,4,QB,10,00-0033077,Dak Prescott,DAL,4,20.3,-0.07081659662692474,0.9522215356561653,18.862423088473427
2026,4,QB,11,00-0034796,Lamar Jackson,BAL,4,19.770000000000003,-0.0492104159964063,0.9602820828349379,18.79711007575105
2026,4,QB,12,00-0036264,Jordan Love,GB,4,16.21,0.1330391420867687,1.132005635491423,18.366564493226523
2026,4,QB,13,00-0033537,Deshaun Watson,CLE,4,16.725,0.047184047110623295,1.0576103681135003,17.514153187925174
2026,4,QB,14,00-0035704,Drew Lock,SEA,2,17.09,-0.015226642761230536,1.023478791890531,16.82977667521057
2026,4,QB,15,00-0036971,Trevor Lawrence,JAX,4,16.28,0.03246047305500044,1.0383092279889423,16.808456501335407
2026,4,QB,16,00-0036389,Jalen Hurts,PHI,4,16.755000000000003,-0.02250593490685826,1.0057708362595588,16.377913060635592
2026,4,QB,17,00-0026498,Matthew Stafford,LA,4,15.415,0.03827150620184527,1.0320008926414976,16.004955268101444
2026,4,QB,18,00-0033119,Jacoby Brissett,ARI,4,14.755,0.06893211262338506,1.081789070966209,15.772093321758046
2026,4,QB,19,00-0039732,Bo Nix,DEN,4,14.315,0.06746007718016456,1.0756877254585815,15.280691004834054
2026,4,QB,20,00-0023459,Aaron Rodgers,PIT,4,15.29,-0.012240183341781785,1.0291885670330931,15.102847596704155
2026,4,QB,21,00-0039163,C.J. Stroud,HOU,4,17.060000000000002,-0.12131492296558188,0.887165444337344,14.990367414207174
2026,4,QB,22,00-0040676,Cam Ward,TEN,4,14.185,0.03491178967491848,1.0494594265380786,14.680223736538718
2026,4,QB,23,00-0039910,Jayden Daniels,WAS,2,16.2,-0.09708186824292298,0.8954051633385973,14.627273734464648
2026,4,QB,24,00-0030565,Geno Smith,NYJ,4,14.92,-0.07492110267428698,0.9771516981559466,13.802177148099638
2026,4,QB,25,00-0039917,Michael Penix Jr.,ATL,2,13.38,-0.010455641127115278,0.9910161735079207,13.240103521719199
2026,4,QB,26,00-0032950,Carson Wentz,MIN,2,12.77,-0.015680342534407532,1.0079368434135327,12.569762025835615
2026,4,QB,27,00-0034869,Sam Darnold,SEA,3,13.833333333333334,-0.09275580351684842,1.0249466896775024,12.550211384683598
2026,4,QB,28,00-0034855,Baker Mayfield,TB,3,11.700000000000001,0.051331238106922195,1.0549196751717036,12.30057548585099
2026,4,QB,29,00-0032268,Marcus Mariota,WAS,3,11.5,0.027593128335494654,0.95890211333964,11.81732097585819
2026,4,QB,30,00-0039851,Drake Maye,NE,4,11.94,-0.030633397630918324,1.0496146514799867,11.574237232286835
2026,4,QB,31,00-0040691,Jaxson Dart,NYG,2,13.700000000000001,-0.18084506099275943,0.9338496436623125,11.222422664399197
2026,4,QB,32,00-0038128,Malik Willis,MIA,4,10.42,0.052805905838090084,1.0975442491818814,10.9702375388329
2026,4,QB,33,00-0036355,Justin Herbert,LAC,4,10.860000000000001,-0.055742288230761994,0.9624812436128246,10.254638749813926
2026,4,QB,34,00-0035710,Daniel Jones,IND,4,9.065000000000001,-0.018754506872708965,0.9670074652259342,8.894990395198894
2026,4,QB,35,00-0031503,Jameis Winston,NYG,3,8.886666666666667,-0.061178924453061834,1.0061314713963707,8.342989958027124
2026,4,QB,36,00-0035228,Kyler Murray,MIN,3,7.173333333333332,0.06779094008142228,1.0319518218672545,7.659620343517401
2026,4,QB,37,00-0038416,Tyson Bagent,CHI,2,5.49,0.19258080635669161,1.2095810147657386,6.547268626898237
2026,4,QB,38,00-0041251,Jalon Daniels,TB,2,5.16,-0.06828595142324734,1.0993934311009437,4.807644490656044
2026,4,QB,39,00-0033662,Cooper Rush,ATL,2,2.579999999999999,0.14589623764992576,1.0231918319272801,2.9564122931368075
2026,4,QB,40,00-0038102,Kenny Pickett,CAR,2,1.0000000000000002,0.06310422113424985,1.033672682203707,1.06310422113425
2026,4,RB,1,00-0038134,Kenneth Walker III,KC,4,27.525000000000002,-0.04493204752918123,0.9470011141874731,26.28824539175929
2026,4,RB,2,00-0039139,Jahmyr Gibbs,DET,4,29.000000000000004,-0.13570854509425812,0.873483218614074,25.06445219226652
2026,4,RB,3,00-0036223,Jonathan Taylor,IND,4,21.55,0.09466472097765055,1.1059017825091364,23.59002473706837
2026,4,RB,4,00-0038542,Bijan Robinson,ATL,4,26.35,-0.1233294406945733,0.8868945019915013,23.100269237697994
2026,4,RB,5,00-0036997,Javonte Williams,DAL,4,20.45,0.08733779523147689,1.0953302981046393,22.2360579124837
2026,4,RB,6,00-0037840,Kyren Williams,LA,4,22.425,-0.03477940960794823,0.9600195360953924,21.645071739541763
2026,4,RB,7,00-0032764,Derrick Henry,BAL,4,22.7,-0.067809896983969,0.9273651897100663,21.160715338463902
2026,4,RB,8,00-0036555,Chuba Hubbard,CAR,4,19.75,0.06902727731229041,1.0814243170808733,21.113288726917734
2026,4,RB,9,00-0033280,Christian McCaffrey,SF,4,18.5,0.0410566842551876,1.0490048632017128,19.25954865872097
2026,4,RB,10,00-0040122,Ashton Jeanty,LV,4,18.475,-0.09155032822353448,0.9167792283981062,16.7836076860702
2026,4,RB,11,00-0037248,James Cook,BUF,4,16.625,0.006608659018658702,1.0232530482503663,16.7348689561852
2026,4,RB,12,00-0036275,D'Andre Swift,CHI,4,15.875,-0.0038266832073111656,1.001936050240905,15.814251404083935
2026,4,RB,13,00-0038597,Chase Brown,CIN,4,14.5,0.05829388997352303,1.0518722994838439,15.345261404616084
2026,4,RB,14,00-0037228,Jaylen Warren,PIT,4,14.05,0.06968930550889052,1.069912154875186,15.029134742399913
2026,4,RB,15,00-0040236,Kyle Monangai,CHI,4,14.825,-0.05408860104730773,1.001936050240905,14.023136489473663
2026,4,RB,16,00-0038120,Breece Hall,NYJ,3,14.166666666666666,-0.061740896969212034,0.9399065778886055,13.292003959602829
2026,4,RB,17,00-0040719,Bhayshul Tuten,JAX,4,13.025,0.016528841760012014,1.0276509325284113,13.240288163924156
2026,4,RB,18,00-0040730,RJ Harvey,DEN,3,12.700000000000001,0.013234783132465955,1.0440862358202578,12.86808174578232
2026,4,RB,19,00-0033906,Alvin Kamara,NO,3,11.700000000000001,0.09174273255103338,1.0751698306606194,12.773389970847091
2026,4,RB,20,00-0039361,Bucky Irving,TB,4,11.8,0.06470229376613634,1.0546316848014234,12.563487066440409
2026,4,RB,21,00-0040198,Ollie Gordon II,MIA,3,11.066666666666668,0.1299999981455937,1.0535467562582523,12.505333312811238
2026,4,RB,22,00-0033293,Aaron Jones,MIN,4,12.875,-0.05228252122308785,0.9530539916031961,12.201862539252744
2026,4,RB,23,00-0040784,Quinshon Judkins,CLE,4,12.075000000000001,-0.016162494390631887,1.0023621876470907,11.87983788023312
2026,4,RB,24,00-0040715,Cam Skattebo,NYG,4,11.05,0.06042490699033287,1.087824757164321,11.71769522224318
2026,4,RB,25,00-0040666,Omarion Hampton,LAC,4,11.175,0.03909068151055406,1.0309476816927288,11.611838365880441
2026,4,RB,26,00-0041027,Jeremiyah Love,ARI,4,12.225,-0.05513600055908685,0.9624979250519596,11.550962393165163
2026,4,RB,27,00-0036973,Travis Etienne,NO,3,10.299999999999999,0.026980737271240285,1.0369329650862817,10.577901593893774
2026,4,RB,28,00-0037746,Brian Robinson,ATL,4,12.125,-0.14729487665736196,0.8868945019915013,10.339049620529487
2026,4,RB,29,00-0036875,Rhamondre Stevenson,NE,4,10.825,-0.05537448473846762,0.9682114179654405,10.225571202706087
2026,4,RB,30,00-0035685,David Montgomery,HOU,4,11.1,-0.09659926437160982,0.9510902644902247,10.027748165475131
2026,4,RB,31,00-0037256,Rachaad White,WAS,3,10.033333333333333,-0.026324400120666613,0.9774038245928054,9.769211852122645
2026,4,RB,32,00-0038797,Emanuel Wilson,SEA,4,9.475000000000001,0.029931128794447925,1.0878097119177559,9.758597445327396
2026,4,RB,33,00-0035261,Tony Pollard,TEN,4,9.625,0.007326592235026075,0.9825647337285892,9.695518450262126
2026,4,RB,34,00-0039040,De'Von Achane,MIA,3,8.200000000000001,-0.021788902248040642,1.0011301345266401,8.021331001566068
2026,4,RB,35,00-0041496,Jonah Coleman,DEN,2,7.4,0.08054162618998273,1.0636357629335893,7.9960080338058726
2026,4,RB,36,00-0040242,Jacory Croskey-Merritt,WAS,4,7.675000000000001,-0.02677847138855438,0.9704190047557949,7.4694752320928455
2026,4,RB,37,00-0037263,Tyler Allgeier,ARI,4,7.675000000000001,-0.02813816042191941,0.9624979250519596,7.45903961876177
2026,4,RB,38,00-0040583,Woody Marks,HOU,4,7.699999999999999,-0.039257423473951225,0.9510902644902247,7.397717839250575
2026,4,RB,39,00-0038454,Keaton Mitchell,LAC,4,7.7,-0.05237452292041089,1.0309476816927288,7.296716173512836
2026,4,RB,40,00-0035250,Devin Singletary,NYG,2,7.3500000000000005,-0.024114857376210885,1.0700351814116582,7.17275579828485
2026,4,RB,41,00-0040734,TreVeyon Henderson,NE,3,7.233333333333334,-0.04578595062229662,0.9636641030330336,6.902148290498722
2026,4,RB,42,00-0039811,MarShawn Lloyd,GB,4,6.5,0.017003755088558004,1.0558722041107123,6.610524408075627
2026,4,RB,43,00-0034844,Saquon Barkley,PHI,4,5.75,0.1095353694024559,1.1015631975314963,6.379828374064121
2026,4,RB,44,00-0039794,Braelon Allen,NYJ,4,6.475,-0.02838534783375468,0.9749516999407327,6.291204872776438
2026,4,RB,45,00-0035537,Ty Johnson,BUF,2,6.1,-0.032597048102383286,0.9782008747742479,5.901158006575462
2026,4,RB,46,00-0038611,Chris Rodriguez Jr.,JAX,4,5.7,0.022707198402279527,1.0276509325284113,5.8294310308929935
2026,4,RB,47,00-0036139,Rico Dowdle,PIT,2,5.25,0.043065171001129166,1.0548881313827172,5.476092147755928
2026,4,RB,48,00-0036158,J.K. Dobbins,DEN,4,5.175000000000001,0.04417365786187921,1.0532000834126891,5.403598679435225
2026,4,RB,49,00-0039738,Blake Corum,LA,4,5.550000000000001,-0.03150468079542601,0.9600195360953924,5.375149021585386
2026,4,RB,50,00-0039299,George Holani,SEA,4,4.800000000000001,0.116452149118353,1.0878097119177559,5.3589703157680955
2026,4,RB,51,00-0036919,Kenny Gainwell,TB,4,5.25,-0.016441117854482212,1.0546316848014234,5.1636841312639685
2026,4,RB,52,00-0041512,Jadarian Price,SEA,3,4.666666666666667,0.0964038890568466,1.1319169483848392,5.116551482265284
2026,4,RB,53,00-0037085,Tyler Badie,DEN,3,5.066666666666667,0.00625382617062864,1.0553568113245202,5.098352719264519
2026,4,RB,54,00-0040466,Raheim Sanders,CLE,4,5.1000000000000005,-0.008282713794036,1.0023621876470907,5.057758159650417
2026,4,RB,55,00-0039344,Jonathon Brooks,CAR,2,4.65,0.08658474827305995,1.0944747909152797,5.052619079469729
2026,4,RB,56,00-0038551,Kendre Miller,NO,3,4.933333333333334,0.023187646082239777,1.0504895219257124,5.047725720672383
2026,4,RB,57,00-0039391,Kimani Vidal,LAC,3,4.866666666666666,-0.0421839044719694,0.9650598297833488,4.661371664903082
2026,4,RB,58,00-0029892,Kyle Juszczyk,SF,3,5.166666666666667,-0.12200039641254512,1.0062323392975792,4.53633128520185
2026,4,RB,59,00-0038555,Tank Bigsby,PHI,4,4.275,0.045613056869247215,1.1015631975314963,4.469995818116032
2026,4,RB,60,00-0038794,Jaleel McLaughlin,CLE,2,4.550000000000001,-0.05134444431776941,0.9922445236514275,4.31638277835415
2026,4,RB,61,00-0041013,Emmett Johnson,KC,4,4.5,-0.05362143140144704,0.9470011141874731,4.2587035586934885
2026,4,RB,62,00-0040878,Mike Washington Jr.,LV,4,4.7250000000000005,-0.1392643631894651,0.9167792283981062,4.066975883929778
2026,4,RB,63,00-0033526,Samaje Perine,CIN,4,3.575,0.048455814390488516,1.0518722994838439,3.7482295364459963
2026,4,RB,64,00-0039032,Tyjae Spears,TEN,4,3.875,-0.036911307272259664,0.9825647337285892,3.7319686843199937
2026,4,RB,65,00-0041052,Kaelon Black,SF,4,3.375,0.10034458388832901,1.0490048632017128,3.7136629706231106
2026,4,RB,66,00-0034975,Justice Hill,BAL,4,3.85,-0.07127213509561203,0.9273651897100663,3.5756022798818936
2026,4,RB,67,00-0038685,Chris Brooks,GB,4,3.1,0.03678134928823251,1.0558722041107123,3.214022182793521
2026,4,RB,68,00-0036893,Najee Harris,NYG,3,2.9333333333333336,0.07975429556354396,1.1295170335826936,3.167279266986396
2026,4,RB,69,00-0039746,Will Shipley,PHI,4,2.875,0.07448232451080306,1.1015631975314963,3.089136682968559
2026,4,RB,70,00-0039364,Sione Vaki,DET,4,3.3,-0.1276842928414812,0.873483218614074,2.878641833623112
2026,4,RB,71,00-0038488,Brady Russell,SEA,3,2.3333333333333335,0.07176179574756203,1.040875870083385,2.5007775234109784
2026,4,RB,72,00-0037120,Tyler Goodson,DAL,2,1.9500000000000002,0.09104382343896389,1.1053256848288453,2.1275354557059796
2026,4,RB,73,00-0041125,Seth McGowan,IND,4,1.8000000000000003,0.1479887376114819,1.1059017825091364,2.0663797277006677
2026,4,RB,74,00-0040142,Kaleb Johnson,GB,4,2.0,-0.005914555587590353,1.0558722041107123,1.9881708888248193
2026,4,RB,75,00-0035125,Alec Ingold,LAC,3,2.1666666666666665,-0.13512800444587503,1.0473124546694181,1.873889323700604
2026,4,RB,76,00-0032104,Ameer Abdullah,JAX,4,1.675,0.0687560467805226,1.0276509325284113,1.7901663783573756
2026,4,RB,77,00-0036265,AJ Dillon,CAR,4,1.6500000000000001,0.07937471736782209,1.0814243170808733,1.7809682836569065
2026,4,RB,78,00-0041326,CJ Donaldson,NO,4,1.5500000000000003,0.08047689597193419,1.0549153527480726,1.6747391887564982
2026,4,RB,79,00-0036425,DeeJay Dallas,MIN,4,1.5750000000000002,-0.03558333279389292,0.9530539916031961,1.5189562508496188
2026,4,RB,80,00-0039021,Roschon Johnson,CHI,2,1.6500000000000001,-0.1299880554665549,0.9072150108144852,1.4355197084801845
2026,4,RB,81,00-0041096,Kaytron Allen,WAS,3,1.366666666666667,-0.02787371354218382,0.9666075520868395,1.328572591492349
2026,4,RB,82,00-0041436,DJ Herman,MIA,2,1.4,-0.09179362713053574,0.97746813627333,1.2714889220172498
2026,4,RB,83,00-0040556,Corey Kiner,NE,4,1.2000000000000002,0.057925565821221436,0.9682114179654405,1.269510678985466
2026,4,RB,84,00-0040238,LeQuint Allen Jr.,JAX,3,0.9666666666666667,0.0009137470319893204,0.9893359875437144,0.9675499554642563
2026,4,RB,85,00-0038705,Emari Demercado,DAL,2,0.75,0.09072764133518141,1.085334911380433,0.8180457310013861
2026,4,RB,86,00-0041104,Demond Claiborne,MIN,3,0.8333333333333334,-0.031873079895219925,0.9897551933901662,0.8067724334206501
2026,4,RB,87,00-0038738,Hunter Luepke,DAL,3,0.6666666666666666,0.0953417944213284,1.1043761157344678,0.7302278629475522
2026,4,RB,88,00-0039875,Ray Davis,BUF,3,0.6666666666666666,0.02214546364357184,1.0458413968283196,0.6814303090957146
2026,4,RB,89,00-0033376,Patrick Ricard,NYG,2,0.55,0.22861123742086886,1.0956795826650358,0.6757361805814779
2026,4,RB,90,00-0040886,Nicholas Singleton,TEN,2,0.6,0.0010406267913189993,1.0279015141608525,0.6006243760747914
2026,4,RB,91,00-0040078,Brashard Smith,KC,2,0.7,-0.14973184587447774,0.8998663496851429,0.5951877078878656
2026,4,RB,92,00-0039874,Jaylen Wright,MIA,3,0.5666666666666668,0.022455526125148673,1.0541215000436075,0.579391464804251
2026,4,RB,93,00-0035594,Travis Homer,PIT,3,0.5,-0.008531720998044778,1.0569287012557664,0.4957341395009776
2026,4,RB,94,00-0037304,Connor Heyward,LV,4,0.425,0.02980615598823322,0.9167792283981062,0.43766761629499906
2026,4,RB,95,00-0036727,Adam Prentice,DEN,3,0.39999999999999997,0.08054162618998273,1.0553568113245202,0.43221665047599306
2026,4,TE,1,00-0039338,Brock Bowers,LV,2,24.1,-0.15612459338818496,0.8383114963530705,20.337397299344744
2026,4,TE,2,00-0037744,Trey McBride,ARI,4,17.3,0.1703448887040766,1.1434450282474087,20.246966574580526
2026,4,TE,3,00-0034829,Mike Gesicki,CIN,3,14.833333333333334,0.041500259452576405,1.0681732180600807,15.448920515213217
2026,4,TE,4,00-0033288,George Kittle,SF,4,16.1,-0.1021882608017487,0.9805113962513075,14.454769001091847
2026,4,TE,5,00-0039065,Sam LaPorta,DET,4,14.2,-0.029587652357571326,0.9927136518551702,13.779855336522486
2026,4,TE,6,00-0036040,Juwan Johnson,NO,4,15.05,-0.08822723380814812,0.9405345660838283,13.722180131187372
2026,4,TE,7,00-0037838,Isaiah Likely,NYG,4,13.25,-0.03772078624538033,1.0429629113050027,12.75019958224871
2026,4,TE,8,00-0030506,Travis Kelce,KC,4,13.15,-0.05596171173361386,0.9189794781482014,12.414103490702978
2026,4,TE,9,00-0040663,Harold Fannin Jr.,CLE,4,12.575,-0.04790010405448697,1.015689127228051,11.972656191514826
2026,4,TE,10,00-0035229,T.J. Hockenson,MIN,4,11.875,-0.009272947828771638,1.021798491992271,11.764883744533337
2026,4,TE,11,00-0040128,Tyler Warren,IND,4,12.125,-0.031033840315177752,0.9642459122447009,11.74871468617847
2026,4,TE,12,00-0033110,Tyler Higbee,LA,3,11.033333333333331,0.04600620870938177,1.129062141839534,11.540935169426843
2026,4,TE,13,00-0038933,Dalton Kincaid,BUF,4,11.5,-0.01920608258804546,1.106132225013193,11.279130050237477
2026,4,TE,14,00-0034351,Dallas Goedert,PHI,2,12.549999999999999,-0.17851205567990414,0.9926240722980008,10.309673701217202
2026,4,TE,15,00-0034753,Mark Andrews,BAL,4,9.725,0.014580913744876689,0.9902475669757326,9.866799386168925
2026,4,TE,16,00-0039066,Michael Mayer,LV,4,10.725000000000001,-0.10058758609444218,0.9573348798486416,9.646198139137109
2026,4,TE,17,00-0034383,Dalton Schultz,HOU,4,10.6,-0.09761950554462662,0.9558678405361363,9.565233241226958
2026,4,TE,18,00-0036894,Pat Freiermuth,PIT,4,9.7,-0.01779852732597298,0.9817934599915956,9.527354284938061
2026,4,TE,19,00-0031610,Darren Waller,CAR,4,9.950000000000001,-0.04334816100462713,0.9751352298531748,9.518685798003961
2026,4,TE,20,00-0041032,Kenyon Sadiq,NYJ,4,9.65,-0.06056932526044678,1.0757171169971316,9.065506011236689
2026,4,TE,21,00-0038996,Tucker Kraft,GB,4,9.025,-0.005682057675808205,1.040070483112027,8.973719429475832
2026,4,TE,22,00-0035644,Noah Fant,NO,3,10.866666666666667,-0.1755158201261231,0.9246038155122761,8.959394754629463
2026,4,TE,23,00-0038041,Jake Ferguson,DAL,4,9.075000000000001,-0.06565832994668608,1.0079194668318974,8.479150655733825
2026,4,TE,24,00-0038935,Brenton Strange,JAX,4,9.175,-0.07891427560853925,0.9734683534747063,8.450961521291653
2026,4,TE,25,00-0038783,Nate Adkins,DEN,3,6.866666666666667,0.22210825824304603,1.0850372427033006,8.391810039935583
2026,4,TE,26,00-0038129,Cade Otton,TB,4,7.675000000000001,-0.007427399014937053,0.9808224733323521,7.617994712560359
2026,4,TE,27,00-0033090,Hunter Henry,NE,4,6.324999999999999,0.11402610839991634,1.133616935480758,7.04621513562947
2026,4,TE,28,00-0040737,Terrance Ferguson,LA,3,6.433333333333333,-0.02724199256178028,1.0599068700265715,6.258076514519213
2026,4,TE,29,00-0040879,Matthew Hibner,BAL,3,6.0,0.008151147416960658,1.0281224250655965,6.048906884501764
2026,4,TE,30,00-0038558,Darnell Washington,PIT,4,6.725,-0.10829419234604931,0.9817934599915956,5.996721556472818
2026,4,TE,31,00-0040126,Colston Loveland,CHI,4,5.025,0.1556232987663908,1.0863737213202815,5.807007076301114
2026,4,TE,32,00-0034365,Ian Thomas,LV,2,6.6499999999999995,-0.1289473684210526,1.025,5.7924999999999995
2026,4,TE,33,00-0039793,AJ Barner,SEA,4,6.325,-0.09770786300282919,1.028575666646469,5.706997766507105
2026,4,TE,34,00-0040189,Oronde Gadsden II,LAC,4,5.95,-0.06925943799698175,0.9631161424568989,5.5379063439179586
2026,4,TE,35,00-0037805,Jeremy Ruckert,NYJ,3,6.266666666666667,-0.13572349941937667,1.017622822662842,5.416132736971906
2026,4,TE,36,00-0037252,Greg Dulcich,MIA,3,6.0,-0.09876914161549832,0.9637855658702659,5.40738515030701
2026,4,TE,37,00-0039041,Elijah Higgins,ARI,3,4.966666666666667,0.0670787088357705,1.1079267043298782,5.299824253884327
2026,4,TE,38,00-0033885,David Njoku,LAC,2,6.3500000000000005,-0.18164987995370285,0.8278296820983365,5.196523262293987
2026,4,TE,39,00-0041395,Eli Raridon,NE,3,4.466666666666667,0.10885105659112693,1.10978533793771,4.952868052773701
2026,4,TE,40,00-0032392,Austin Hooper,ATL,3,5.0,-0.012408263470567116,0.9341600569435428,4.937958682647165
2026,4,TE,41,00-0033858,Jonnu Smith,GB,3,4.5,0.05478666817281752,1.0073354944852013,4.746540006777679
2026,4,TE,42,00-0040584,Gunnar Helm,TEN,4,4.25,0.11287959578090168,1.1068961125137484,4.7297382820688325
2026,4,TE,43,00-0037005,Tommy Tremble,CAR,4,4.8,-0.034355329876104235,0.9751352298531748,4.6350944165947
2026,4,TE,44,00-0034981,Foster Moreau,HOU,4,4.675,-0.04712911994694191,0.9558678405361363,4.454671364248046
2026,4,TE,45,00-0033881,Evan Engram,DEN,4,4.65,-0.10248378140340142,1.1262779320274756,4.173450416474184
2026,4,TE,46,00-0035689,Dawson Knox,BUF,4,3.75,-0.019220057994019046,1.106132225013193,3.6779247825224286
2026,4,TE,47,00-0038710,Blake Whiteheart,CLE,3,3.6999999999999997,-0.06000675017202528,1.0681732180600807,3.477975024363506
2026,4,TE,48,00-0036290,Cole Kmet,CHI,4,3.7,-0.07932210735859246,1.0863737213202815,3.406508202773208
2026,4,TE,49,00-0037809,Chig Okonkwo,WAS,2,3.05,0.09800358410528842,1.0794891651751637,3.3489109315211296
2026,4,TE,50,00-0030061,Zach Ertz,PHI,2,2.5999999999999996,0.2500000000000002,1.25,3.25
2026,4,TE,51,00-0036628,John Bates,WAS,2,2.5999999999999996,0.15180602140710286,1.140622964214261,2.994695655658467
2026,4,TE,52,00-0040187,Mitchell Evans,CAR,4,3.15,-0.06517740066743427,0.9751352298531748,2.944691187897582
2026,4,TE,53,00-0035249,Josh Oliver,MIN,3,2.5333333333333337,0.14921123134850034,1.061492480426886,2.911335119416201
2026,4,TE,54,00-0039847,Theo Johnson,NYG,3,3.3333333333333335,-0.16517768159819524,0.9955345002080033,2.7827410613393493
2026,4,TE,55,00-0036637,Noah Gray,KC,4,3.0250000000000004,-0.10956170223913386,0.9189794781482014,2.6935758507266203
2026,4,TE,56,00-0035631,Drew Sample,CIN,2,2.95,-0.08811005324846477,0.9997039630351698,2.690075342917029
2026,4,TE,57,00-0036970,Kyle Pitts,ATL,4,2.925,-0.10281883198666852,0.9837577447532088,2.6242549164389946
2026,4,TE,58,00-0037755,Jelani Woods,NYJ,2,2.55,-0.014705882352941013,1.025,2.5125
2026,4,TE,59,00-0041558,Sam Roush,CHI,3,2.1,0.16499598996754483,1.1624193435163879,2.446491578931844
2026,4,TE,60,00-0038547,Luke Schoonmaker,DAL,2,2.05,0.047802756908972954,1.0535744836374084,2.1479956516633942
2026,4,TE,61,00-0038046,Charlie Kolar,LAC,2,2.55,-0.15864330238920277,0.8278296820983365,2.145459578907533
2026,4,TE,62,00-0034613,Tanner Hudson,CIN,3,1.9666666666666666,0.08426300097907657,1.0681732180600807,2.1323839019255173
2026,4,TE,63,00-0039074,Davis Allen,LA,4,1.975,0.04513710113209579,1.0904701609668468,2.064145774735889
2026,4,TE,64,00-0039359,Cade Stover,HOU,2,1.9,-0.04076896028777344,1.010010072514104,1.8225389754532304
2026,4,TE,65,00-0036244,Colby Parkinson,LA,3,1.7,0.06106465965112773,1.0599068700265715,1.803809921406917
2026,4,TE,66,00-0038115,Daniel Bellinger,TEN,4,1.625,0.04660202277755743,1.1068961125137484,1.7007282870135307
2026,4,TE,67,00-0033246,Johnny Mundt,PHI,3,1.3999999999999997,0.20683209639733446,1.2284160481986672,1.6895649349562678
2026,4,TE,68,00-0033576,Eric Saubert,SEA,4,2.075,-0.19999999999999996,1.028575666646469,1.6600000000000001
2026,4,TE,69,00-0039530,Brevyn Spann-Ford,DAL,4,1.5750000000000002,0.04731414512243837,1.0079194668318974,1.6495197785678406
2026,4,TE,70,00-0036754,Brock Wright,DET,4,1.5,-0.011149243357249206,0.9927136518551702,1.4832761349641261
2026,4,TE,71,00-0041503,Nate Boerkircher,JAX,3,1.4666666666666668,-0.158002478533815,0.9796156740559656,1.2349296981504048
2026,4,TE,72,00-0036887,Luke Farrell,SF,4,0.9750000000000001,0.24999999999999978,0.9805113962513075,1.21875
2026,4,TE,73,00-0036422,Adam Trautman,DEN,2,1.5,-0.19999999999999984,1.025,1.2000000000000002
2026,4,TE,74,00-0041524,Will Kacmarek,MIA,4,0.975,0.19668112036473473,1.0145448113449458,1.1667640923556164
2026,4,TE,75,00-0040887,Josh Cuevas,BAL,2,1.2000000000000002,-0.0776991659618661,1.0537744893170677,1.106761000845761
2026,4,TE,76,00-0041041,Oscar Delp,NO,2,0.9,0.13245474892603082,1.0603907833622581,1.0192092740334278
2026,4,TE,77,00-0037004,Hunter Long,ARI,4,0.875,0.09268241048502057,1.1434450282474087,0.9560971091743931
2026,4,TE,78,00-0039686,Colson Yankoff,WAS,4,0.9000000000000001,-0.018770812427627903,1.0450912647573274,0.883106268815135
2026,4,TE,79,00-0039912,Ben Sinnott,WAS,2,0.8,-0.0776991659618661,1.0106933643394913,0.7378406672305071
2026,4,TE,80,00-0040081,Jake Briningstool,KC,3,0.6333333333333333,-0.04497360826907171,0.8996998720100504,0.6048500480962545
2026,4,TE,81,00-0036590,Quintin Morris,JAX,3,0.5666666666666668,-0.04497360826907182,0.881291137966275,0.5411816219808594
2026,4,TE,82,00-0034798,Durham Smythe,BAL,3,0.4666666666666666,-0.023181703437345824,1.012896477954932,0.4558485383959052
2026,4,WR,1,00-0038543,Jaxon Smith-Njigba,SEA,4,29.165,-0.07169689213927888,0.9428270242093033,27.07396014075793
2026,4,WR,2,00-0036358,CeeDee Lamb,DAL,4,28.049999999999997,-0.09564767120892603,0.9248244704440246,25.367082822589623
2026,4,WR,3,00-0036554,Nico Collins,HOU,2,26.0,-0.10047135330667833,0.894119806020642,23.387744814026362
2026,4,WR,4,00-0036963,Amon-Ra St. Brown,DET,4,22.825000000000003,-0.008753594557439182,1.0266513847548329,22.625199204226455
2026,4,WR,5,00-0039064,Zay Flowers,BAL,3,22.400000000000002,-0.04936224134635048,0.9469035338576166,21.294285793841752
2026,4,WR,6,00-0037239,Chris Olave,NO,4,22.525000000000002,-0.05877693497615322,0.952085552255449,21.20104953966215
2026,4,WR,7,00-0038124,Christian Watson,GB,4,19.275000000000002,0.043560443462513865,1.0700939631149442,20.114627547739957
2026,4,WR,8,00-0039075,Puka Nacua,LA,2,20.05,-0.01358228273261497,1.0052966584564715,19.77767523121107
2026,4,WR,9,00-0031381,Davante Adams,LA,4,18.25,0.04059622422368103,1.036016772490077,18.99088109208218
2026,4,WR,10,00-0039491,Jalen Coker,CAR,3,17.4,0.07188499084727207,1.0086665936489387,18.65079884074253
2026,4,WR,11,00-0036410,Tee Higgins,CIN,4,17.775,-0.028094300727197208,0.9926881605927651,17.275623804574067
2026,4,WR,12,00-0040124,Tetairoa McMillan,CAR,4,18.625,-0.08789323474817834,0.9675090066218063,16.987988502815178
2026,4,WR,13,00-0036912,DeVonta Smith,PHI,3,16.166666666666668,-0.015359976652953189,0.9957920314731842,15.918347044110591
2026,4,WR,14,00-0040667,Matthew Golden,GB,4,14.5,0.047806177321561005,1.0700939631149442,15.193189571162634
2026,4,WR,15,00-0036322,Justin Jefferson,MIN,3,14.966666666666669,0.0034072593151039943,1.0794163105592371,15.017661981082725
2026,4,WR,16,00-0035719,Deebo Samuel Sr.,SF,4,14.475,0.03234075927778535,1.0551022927065525,14.943132490545944
2026,4,WR,17,00-0038559,Michael Wilson,ARI,4,14.2,0.03769634885716888,1.0593750056093019,14.735288153771798
2026,4,WR,18,00-0041037,Denzel Boston,CLE,4,13.85,0.05941257655092258,1.0482461442156281,14.672864185230276
2026,4,WR,19,00-0037740,Garrett Wilson,NYJ,4,15.75,-0.08319272168043201,0.9650997331075288,14.439714633533196
2026,4,WR,20,00-0036900,Ja'Marr Chase,CIN,4,15.05,-0.047344588721257685,0.9926881605927651,14.337463939745072
2026,4,WR,21,00-0037238,Drake London,ATL,4,14.350000000000001,-0.001537369009409817,1.0267274556147687,14.327938754714971
2026,4,WR,22,00-0039067,Rashee Rice,KC,3,12.666666666666666,0.11155369180516361,1.1031897685704584,14.079680096198738
2026,4,WR,23,00-0031408,Mike Evans,SF,4,12.575,0.03846423800330401,1.0551022927065525,13.058687792891547
2026,4,WR,24,00-0031588,Stefon Diggs,WAS,4,13.25,-0.021483896577047745,1.0119875246726093,12.965338370354118
2026,4,WR,25,00-0038606,Parker Washington,JAX,4,12.775,0.014290058868415167,1.0253792143480598,12.957555502044004
2026,4,WR,26,00-0039424,Devaughn Vele,NO,4,13.899999999999999,-0.07472987728346325,0.952085552255449,12.86125470575986
2026,4,WR,27,00-0032464,Kalif Raymond,CHI,4,12.25,0.018326315561016937,1.0479721743985757,12.474497365622456
2026,4,WR,28,00-0040735,Luther Burden III,CHI,4,11.725,0.03109496460311978,1.0479721743985757,12.08958845997158
2026,4,WR,29,00-0038104,Tyquan Thornton,KC,4,11.225000000000001,0.0640534080720383,1.0974473732104433,11.94399950560863
2026,4,WR,30,00-0038563,Tre Tucker,LV,4,11.075,0.052537813742720374,1.0995212809446804,11.656856287200627
2026,4,WR,31,00-0041438,Carnell Tate,TEN,4,11.7,-0.013339117154610003,1.0057297857630003,11.543932329291062
2026,4,WR,32,00-0039739,Roman Wilson,PIT,4,11.2,-0.012726687973659945,0.9830214462298956,11.057461094695007
2026,4,WR,33,00-0035659,Terry McLaurin,WAS,3,10.033333333333333,0.10048894826524313,1.0225369193612286,11.041572447594605
2026,4,WR,34,00-0036613,Jaylen Waddle,DEN,4,10.975,-0.018220304067936066,1.0329512509342418,10.775032162854401
2026,4,WR,35,00-0035640,DK Metcalf,PIT,4,10.825,-0.019498835659939595,0.9830214462298956,10.613925103981153
2026,4,WR,36,00-0032775,Demarcus Robinson,SF,2,9.7,0.06909840935106293,1.1041123614645727,10.37025457070531
2026,4,WR,37,00-0034960,Jakobi Meyers,JAX,4,10.425,-0.005468170279598339,1.0253792143480598,10.367994324835188
2026,4,WR,38,00-0039880,Malik Washington,MIA,4,9.525,0.08574764483154529,1.0843169105433743,10.341746317020469
2026,4,WR,39,00-0037816,Romeo Doubs,NE,4,11.075000000000001,-0.07333669465606041,1.0050100894535094,10.262796106684132
2026,4,WR,40,00-0038117,Wan'Dale Robinson,TEN,4,10.100000000000001,0.011561588881599638,1.0057297857630003,10.216772047704158
2026,4,WR,41,00-0037240,Jameson Williams,DET,4,9.725000000000001,0.04901675532478533,1.0266513847548329,10.20168794553354
2026,4,WR,42,00-0039337,Malik Nabers,NYG,4,11.200000000000001,-0.08968889976619798,0.9378876166719213,10.195484322618583
2026,4,WR,43,00-0039890,Adonai Mitchell,NYJ,2,10.65,-0.06093002578895046,0.9387860660565533,10.001095225347678
2026,4,WR,44,00-0039919,Rome Odunze,CHI,4,9.325,0.06429357132018243,1.0479721743985757,9.9245375525607
2026,4,WR,45,00-0041523,Caleb Douglas,MIA,2,9.15,0.07479781724785939,1.0674984731752115,9.834400027817914
2026,4,WR,46,00-0039901,Keon Coleman,BUF,4,10.425,-0.05957175777666157,0.9146991565116829,9.803964425178304
2026,4,WR,47,00-0038994,Jordan Addison,MIN,4,8.3,0.1695731983926021,1.1113202729447411,9.707457546658599
2026,4,WR,48,00-0037247,George Pickens,DAL,4,10.125,-0.08232238689572868,0.9248244704440246,9.291485832680747
2026,4,WR,49,00-0038997,Josh Downs,IND,4,9.299999999999999,-0.01402813737755182,0.9615077189693433,9.169538322388767
2026,4,WR,50,00-0040129,Emeka Egbuka,TB,4,9.025,0.007835020207717536,0.9943951639306019,9.09571105737465
2026,4,WR,51,00-0038393,Dontayvion Wicks,PHI,4,9.425,-0.037304281277429796,0.9971421643118612,9.073407148960225
2026,4,WR,52,00-0040729,Jack Bech,LV,2,7.9,0.1432456933009174,1.0950514739406643,9.031640977077249
2026,4,WR,53,00-0033555,Mack Hollins,NE,4,8.975000000000001,-0.01196215243453047,1.0050100894535094,8.86763968190009
2026,4,WR,54,00-0039894,Xavier Worthy,KC,4,8.325,0.06101144928068214,1.0974473732104433,8.832920315261678
2026,4,WR,55,00-0030279,Keenan Allen,IND,3,9.666666666666666,-0.11138116951354038,0.9781329680676206,8.589982028035775
2026,4,WR,56,00-0036550,Rashod Bateman,BAL,4,8.525,0.006944001714799253,0.9726709538312434,8.584197614618663
2026,4,WR,57,00-0040727,Tre Harris,LAC,4,8.475000000000001,-0.005537254899076083,1.0058513141152081,8.428071764730332
2026,4,WR,58,00-0040134,Pat Bryant,DEN,4,7.975,0.05025549189896883,1.0329512509342418,8.375787547894276
2026,4,WR,59,00-0039915,Ladd McConkey,LAC,4,9.075000000000001,-0.08329787598432559,1.0058513141152081,8.319071775442247
2026,4,WR,60,00-0034827,DJ Moore,BUF,4,9.075,-0.09611694990752973,0.9146991565116829,8.202738679589167
2026,4,WR,61,00-0035891,Cody White,LV,4,7.85,0.041179325275891854,1.0995212809446804,8.17325770341575
2026,4,WR,62,00-0039451,Isaiah Williams,NYJ,4,7.725,0.02885143713805749,0.9650997331075288,7.947877351891494
2026,4,WR,63,00-0041547,KC Concepcion,CLE,4,7.575,0.04671572629900589,1.0482461442156281,7.92887162671497
2026,4,WR,64,00-0033921,Chris Godwin Jr.,TB,4,7.925000000000001,-0.012312218096731442,0.9943951639306019,7.827425671583404
2026,4,WR,65,00-0033307,Kendrick Bourne,ARI,3,7.6000000000000005,0.02419415667692637,1.075408018131071,7.783875590744642
2026,4,WR,66,00-0037742,Treylon Burks,WAS,3,7.0,0.07247008589785398,1.0307111803325066,7.5072906012849785
2026,4,WR,67,00-0041040,Antonio Williams,WAS,4,7.6,-0.019049490088107857,1.0119875246726093,7.45522387533038
2026,4,WR,68,00-0040669,Isaac TeSlaa,DET,4,6.925000000000001,0.05350331317650725,1.0266513847548329,7.295510443747314
2026,4,WR,69,00-0040648,Tory Horton,SEA,2,7.7,-0.053112508688976434,0.9473513797272934,7.291033683094882
2026,4,WR,70,00-0040024,Darius Cooper,PHI,4,7.225,-0.02236914462920725,0.9971421643118612,7.063382930053978
2026,4,WR,71,00-0037261,Khalil Shakir,BUF,4,7.65,-0.08688351040808384,0.9146991565116829,6.985341145378159
2026,4,WR,72,00-0038618,Xavier Hutchinson,HOU,4,7.25,-0.041273018946379914,0.9567092042271176,6.950770612638745
2026,4,WR,73,00-0040138,Jaylin Noel,HOU,4,7.275,-0.057457386411432276,0.9567092042271176,6.856997513856831
2026,4,WR,74,00-0041048,Ted Hurst III,TB,4,6.7,0.011046426616842409,0.9943951639306019,6.774011058332844
2026,4,WR,75,00-0039893,Brian Thomas Jr.,JAX,4,6.375,0.03676458917280012,1.0253792143480598,6.609374255976601
2026,4,WR,76,00-0036988,Josh Palmer,BUF,3,7.666666666666667,-0.14743690351694272,0.891908612755552,6.536317073036773
2026,4,WR,77,00-0038824,Ryan Miller,MIA,3,6.066666666666666,0.07462910593641836,1.0856824850143665,6.5194165760142715
2026,4,WR,78,00-0040590,Konata Mumpfield,LA,4,5.8,0.09948762561809477,1.036016772490077,6.377028228584949
2026,4,WR,79,00-0041042,Malachi Fields,NYG,4,6.65,-0.07656823180817263,0.9378876166719213,6.140821258475652
2026,4,WR,80,00-0033908,Cooper Kupp,SEA,4,6.6000000000000005,-0.06980155342401739,0.9428270242093033,6.1393097474014855
2026,4,WR,81,00-0040785,Dohnte Meyers,CIN,4,6.2250000000000005,-0.014307342355112218,0.9926881605927651,6.135936793839427
2026,4,WR,82,00-0041100,Josh Cameron,JAX,4,6.1,-0.016561598786107967,1.0253792143480598,5.998974247404741
2026,4,WR,83,00-0037664,Alec Pierce,IND,2,6.1000000000000005,-0.02966056040247056,1.044664002982773,5.91907058154493
2026,4,WR,84,00-0040170,Elic Ayomanor,TEN,4,5.575,0.01879727273059273,1.0057297857630003,5.679794795473055
2026,4,WR,85,00-0037545,Rashid Shaheed,SEA,4,6.0,-0.05360444159836375,0.9428270242093033,5.678373350409817
2026,4,WR,86,00-0037741,Jahan Dotson,ATL,4,5.375,0.04166153231435521,1.0267274556147687,5.59893073618966
2026,4,WR,87,00-0032951,Laquon Treadwell,IND,4,5.325,0.007516825804666949,0.9615077189693433,5.365027097409851
2026,4,WR,88,00-0039410,Ryan Flournoy,DAL,4,5.8500000000000005,-0.08885220685977757,0.9248244704440246,5.330214589870302
2026,4,WR,89,00-0036252,Michael Pittman,PIT,3,5.3,-0.02738212041848409,0.9818223634768836,5.154874761782034
2026,4,WR,90,00-0039849,Marvin Harrison Jr.,ARI,4,4.875,0.02067203281821839,1.0593750056093019,4.975776159988815
2026,4,WR,91,00-0038608,Kayshon Boutte,HOU,4,5.125,-0.029989087324274744,0.9567092042271176,4.971305927463092
2026,4,WR,92,00-0037614,John Metchie III,CAR,3,5.533333333333334,-0.10204677517157701,0.9104151572368752,4.968674510717275
2026,4,WR,93,00-0032398,Chris Moore,BAL,3,5.1000000000000005,-0.03990941725434061,0.984576749118844,4.8964619720028635
2026,4,WR,94,00-0038544,Quentin Johnston,LAC,4,4.525,-0.012093094028144735,1.0058513141152081,4.470278749522645
2026,4,WR,95,00-0038621,DeMario Douglas,NE,4,4.300000000000001,0.03164008283129682,1.0050100894535094,4.436052356174577
2026,4,WR,96,00-0034348,Courtland Sutton,DEN,4,4.4,0.007024186394383181,1.0329512509342418,4.430906420135286
2026,4,WR,97,00-0040563,Efton Chism III,NE,3,4.913333333333333,-0.11892414696029496,0.9438879501403085,4.329019357935084
2026,4,WR,98,00-0041489,Germie Bernard,PIT,3,4.333333333333333,-0.01259762975580847,0.9931063507962895,4.278743604391496
2026,4,WR,99,00-0036862,Ben Skowronek,PIT,3,4.066666666666666,0.03395842706523866,0.9931063507962895,4.204764270065303
2026,4,WR,100,00-0040867,Makai Lemon,PHI,4,4.0,0.030309599351702632,0.9971421643118612,4.1212383974068105
2026,4,WR,101,00-0041525,Chris Bell,MIA,4,3.55,0.13883567252892792,1.0843169105433743,4.042866637477694
2026,4,WR,102,00-0039342,Xavier Legette,CAR,2,4.2,-0.04723326746928691,1.0457786436536565,4.001620276628995
2026,4,WR,103,00-0038840,Brycen Tremayne,CAR,4,4.375,-0.09242107722422743,0.9675090066218063,3.970657787144005
2026,4,WR,104,00-0036309,Darnell Mooney,NYG,4,4.1000000000000005,-0.04028993491682831,0.9378876166719213,3.9348112668410042
2026,4,WR,105,00-0037291,Jalen Nailor,LV,3,3.4,0.1252792318740008,1.0800253872111507,3.8259493883716025
2026,4,WR,106,00-0036407,Jerry Jeudy,CLE,3,3.733333333333333,-0.004865776071195982,1.0418939147112483,3.7151677693342013
2026,4,WR,107,00-0038728,Jared Wayne,HOU,3,3.5,-0.004534007209853419,0.967806374636938,3.484130974765513
2026,4,WR,108,00-0039146,Jayden Reed,GB,2,3.2,0.06181551113777517,1.0843846535863084,3.397809635640881
2026,4,WR,109,00-0036626,Dyami Brown,WAS,4,3.4,-0.036820861981284314,1.0119875246726093,3.2748090692636334
2026,4,WR,110,00-0039792,Devontez Walker,BAL,3,2.866666666666667,0.01186193784832379,0.9701148249060738,2.9006708884985284
2026,4,WR,111,00-0040237,Tez Johnson,TB,4,3.0,-0.05079283842759408,0.9943951639306019,2.8476214847172177
2026,4,WR,112,00-0040646,Jalen Royals,KC,4,2.675,0.024830454713149264,1.0974473732104433,2.741421466357674
2026,4,WR,113,00-0035021,Ashton Dulin,IND,2,2.95,-0.08836802832548862,0.9214755077473938,2.6893143164398086
2026,4,WR,114,00-0040506,Myles Price,MIN,4,2.2,0.17417374145706677,1.1113202729447411,2.583182231205547
2026,4,WR,115,00-0038619,Andrei Iosivas,CIN,2,2.45,0.049981209760013634,1.0019553554968814,2.5724539639120336
2026,4,WR,116,00-0037801,KaVontae Turpin,DAL,4,2.6750000000000003,-0.055414249975226704,0.9248244704440246,2.5267668813162687
2026,4,WR,117,00-0034837,Calvin Ridley,TEN,3,2.6,-0.051407068192604766,0.9661371898523963,2.4663416226992276
2026,4,WR,118,00-0038090,Skyy Moore,GB,4,2.375,0.01712301155042284,1.0700939631149442,2.4156671524322544
2026,4,WR,119,00-0039868,Troy Franklin,DEN,3,2.4333333333333336,-0.03032050847245371,1.0256760815056474,2.359553429383696
2026,4,WR,120,00-0041067,Bryce Lance,NO,4,2.6750000000000003,-0.12400572971311652,0.952085552255449,2.3432846730174135
2026,4,WR,121,00-0036849,Tutu Atwell,LA,2,2.35,-0.009963806133013287,0.9835462628684564,2.326585055587419
2026,4,WR,122,00-0041044,Zachariah Branch,ATL,4,2.0250000000000004,0.034296398960507624,1.0267274556147687,2.0944502078950284
2026,4,WR,123,00-0040782,Isaiah Bond,CLE,2,1.6,0.1176555874103482,1.1039275122949823,1.7882489398565573
2026,4,WR,124,00-0040948,J. Michael Sturdivant,GB,3,1.7333333333333334,-0.0472332674692868,1.0787047062606574,1.6514623363865697
2026,4,WR,125,00-0039751,Jordan Whittington,LA,2,1.6,0.011481671051915443,1.0052966584564715,1.618370673683065
2026,4,WR,126,00-0041132,Deion Burks,IND,2,1.5,0.02660790056086526,1.0348204669098904,1.539911850841298
2026,4,WR,127,00-0040131,Kyle Williams,NE,4,1.6,-0.04117687661567693,1.0050100894535094,1.534116997414917
2026,4,WR,128,00-0040075,LaJohntay Wester,BAL,4,1.475,0.008664983920123381,0.9726709538312434,1.4877808512821822
2026,4,WR,129,00-0037093,Dareke Young,LV,4,1.4,0.04242481122540931,1.0995212809446804,1.459394735715573
2026,4,WR,130,00-0040154,Tai Felton,MIN,2,1.2000000000000002,0.2070321601012528,1.1829359864288498,1.4484385921215035
2026,4,WR,131,00-0035208,Olamide Zaccheaus,ATL,4,1.425,-0.001963098891718751,1.0267274556147687,1.422202584079301
2026,4,WR,132,00-0032385,Sterling Shepard,NYJ,2,1.65,-0.1559637544595911,0.9914134001585042,1.3926598051416745
2026,4,WR,133,00-0040705,Chimere Dike,TEN,4,1.375,0.009930771445284536,1.0057297857630003,1.3886548107372663
2026,4,WR,134,00-0041069,Colbie Young,CIN,2,1.4500000000000002,-0.07053835130908337,0.9470430550354169,1.3477193906018292
2026,4,WR,135,00-0040164,Jaylin Lane,WAS,4,1.125,0.11602452304194033,1.0119875246726093,1.2555275884221828
2026,4,WR,136,00-0036259,Jauan Jennings,MIN,3,0.9666666666666668,0.18875230421184352,1.1021635123341216,1.1491272274047821
2026,4,WR,137,00-0034854,KhaDarel Hodge,SF,3,0.9333333333333332,0.2070321601012528,1.0327371219409467,1.1265633494278358
2026,4,WR,138,00-0038976,Marvin Mims Jr.,DEN,2,1.0,0.05477675922002523,1.1063928606826474,1.0547767592200252
2026,4,WR,139,00-0039062,Jonathan Mingo,DAL,2,1.0,0.011275968043994888,0.9281734331406554,1.0112759680439949
2026,4,WR,140,00-0041529,Kevin Coleman Jr.,MIA,3,0.8666666666666667,0.10113534791153711,1.0941636276511575,0.9543173015233323
2026,4,WR,141,00-0036463,Chris Blair,ATL,4,0.9,-0.0030773164846225054,1.0267274556147687,0.8972304151638397
2026,4,WR,142,00-0037091,Bo Melton,GB,4,0.5,0.04426173367780484,1.0700939631149442,0.5221308668389024
2026,4,WR,143,00-0038573,Derius Davis,LAC,4,0.4,0.18837650739311185,1.0058513141152081,0.47535060295724474
2026,4,WR,144,00-0041051,Zavion Thomas,CHI,3,0.3666666666666667,-0.044183442307082266,1.041528621621845,0.35046607115406986
2026,4,WR,145,00-0039589,Kameron Johnson,TB,4,0.325,-0.05938143585533495,0.9943951639306019,0.30570103334701615
2026,4,WR,146,00-0040894,Malik Benson,LV,4,0.2,0.2070321601012528,1.0995212809446804,0.24140643202025058
2026,4,WR,147,00-0039365,Jacob Cowing,SF,4,0.05,0.1221978050033703,1.0551022927065525,0.05610989025016852
