player_id,player_name,position,team,ppr_pg_w1_3,opportunities_pg_w1_3,carries_pg_w1_3,targets_pg_w1_3,projected_ppr_w4_16,projected_ppr_pg_w4_16,ros_games,avg_matchup_index,fantasy_rank,sos_rank,best_projected_week,best_projected_opponent,best_projected_ppr
00-0039139,Jahmyr Gibbs,RB,DET,32.76666666666667,28.666666666666668,21.666666666666668,7.0,251.96225023229258,20.996854186024382,12,99.9144936224065,1,38,5,ARI,23.79740048451884
00-0038542,Bijan Robinson,RB,ATL,25.899999999999995,27.333333333333332,22.0,5.333333333333333,244.73138561950293,20.394282134958576,12,95.8048589602691,2,67,4,NO,22.412353716825404
00-0038134,Kenneth Walker III,RB,KC,26.400000000000002,27.666666666666668,21.666666666666668,6.0,242.47418221007467,20.206181850839556,12,98.43640723348985,3,53,4,LV,22.83799491170236
00-0037248,James Cook,RB,BUF,16.73333333333333,22.0,19.333333333333332,2.6666666666666665,183.11187302025726,15.259322751688105,12,102.75860059279982,4,17,4,NE,16.61479287435105
00-0036223,Jonathan Taylor,RB,IND,21.166666666666668,25.666666666666668,22.0,3.6666666666666665,182.9707462441037,15.247562187008642,12,95.97137576181437,5,65,5,PIT,16.849242063456206
00-0037228,Jaylen Warren,RB,PIT,13.533333333333333,17.333333333333332,12.666666666666666,4.666666666666667,182.04906545906562,15.170755454922135,12,100.59388217271123,6,36,4,CLE,16.373272884075355
00-0032764,Derrick Henry,RB,BAL,24.96666666666667,23.666666666666668,22.0,1.6666666666666667,174.48571084242934,14.540475903535778,12,96.52479435175009,7,61,4,TEN,16.59284073514226
00-0040122,Ashton Jeanty,RB,LV,18.433333333333334,26.333333333333332,21.0,5.333333333333333,173.54334292424423,14.461945243687019,12,102.47943517500916,8,18,5,NE,16.398787536337814
00-0038597,Chase Brown,RB,CIN,12.966666666666669,20.666666666666668,16.333333333333332,4.333333333333333,165.99316305237068,13.832763587697556,12,101.08735471409067,9,27,5,MIA,16.29921102299577
00-0036555,Chuba Hubbard,RB,CAR,17.7,16.666666666666668,13.666666666666666,3.0,161.74935825750566,13.479113188125472,12,102.22574682785493,10,20,4,DET,15.316620413469366
00-0039361,Bucky Irving,RB,TB,13.700000000000001,18.333333333333332,13.333333333333334,5.0,159.53919912952983,13.294933260794153,12,104.9899257335065,11,5,7,CAR,14.586743980603568
00-0033280,Christian McCaffrey,RB,SF,19.333333333333332,17.333333333333332,11.666666666666666,5.666666666666667,157.62423096159833,13.135352580133194,12,93.92047157558197,12,72,4,DEN,15.028544605026585
00-0033293,Aaron Jones,RB,MIN,11.566666666666668,19.666666666666668,17.333333333333332,2.3333333333333335,157.043607113562,13.0869672594635,12,106.19609018549971,13,1,4,MIA,15.367791890422808
00-0038120,Breece Hall,RB,NYJ,14.166666666666666,20.333333333333332,17.0,3.3333333333333335,150.4683677566641,12.539030646388674,12,103.950860891864,14,15,5,CLE,13.825908477007353
00-0036997,Javonte Williams,RB,DAL,16.833333333333332,18.333333333333332,14.333333333333334,4.0,145.98128292723206,12.165106910602672,12,97.16305325207314,15,59,5,TB,14.031329616238558
00-0037840,Kyren Williams,RB,LA,17.666666666666668,16.666666666666668,12.666666666666666,4.0,144.81317528852932,12.067764607377443,12,98.45580644086988,16,51,5,BUF,13.376300643668792
00-0040784,Quinshon Judkins,RB,CLE,8.9,17.0,14.0,3.0,139.4421200113867,11.620176667615558,12,97.50391314483632,17,57,5,NYJ,13.081356332257448
00-0040715,Cam Skattebo,RB,NYG,12.200000000000001,19.333333333333332,16.666666666666668,2.6666666666666665,135.71967210828166,11.309972675690139,12,93.80665734172578,18,74,4,ARI,12.038420193049266
00-0040666,Omarion Hampton,RB,LAC,10.466666666666667,17.666666666666668,16.666666666666668,1.0,122.25364442930487,10.187803702442073,12,98.92929696606389,19,42,5,DEN,11.835066980012094
00-0041027,Jeremiyah Love,RB,ARI,14.133333333333333,17.666666666666668,13.666666666666666,4.0,118.18013748574691,9.84834479047891,12,99.34167582509076,20,40,4,NYG,10.814034137205805
00-0036275,D'Andre Swift,RB,CHI,22.65,20.0,17.0,3.0,117.13181873131727,9.760984894276438,12,104.53092217004696,21,13,5,GB,10.282078606767863
00-0040719,Bhayshul Tuten,RB,JAX,13.666666666666666,16.0,14.333333333333334,1.6666666666666667,115.76143638843133,9.646786365702612,12,98.56845505711526,22,45,5,PHI,11.03486628613807
00-0035261,Tony Pollard,RB,TEN,8.5,15.0,12.666666666666666,2.3333333333333335,114.870043183683,9.57250359864025,12,96.38492023845207,23,63,4,BAL,10.48011268744607
00-0039040,De'Von Achane,RB,MIA,8.200000000000001,15.333333333333334,11.333333333333334,4.0,113.01029170124698,9.41752430843725,12,105.52944017051321,24,3,13,DEN,9.97165922732589
00-0040730,RJ Harvey,RB,DEN,9.4,8.0,2.5,5.5,112.50669814052179,9.375558178376815,12,102.19968694841309,25,23,4,SF,10.440990602959033
00-0036973,Travis Etienne,RB,NO,10.299999999999999,14.333333333333334,10.0,4.333333333333333,112.29533425793015,9.35794452149418,12,100.80036300662736,26,29,10,CAR,10.338316326732652
00-0036875,Rhamondre Stevenson,RB,NE,8.3,14.0,10.333333333333334,3.6666666666666665,110.11345897181315,9.176121580984429,12,104.82340893196124,27,10,5,LV,10.12574061451701
00-0040242,Jacory Croskey-Merritt,RB,WAS,7.900000000000001,16.666666666666668,15.666666666666666,1.0,109.21039784476099,9.100866487063415,12,94.73915143037932,28,69,4,IND,10.478376224886468
00-0036158,J.K. Dobbins,RB,DEN,4.5,12.333333333333334,11.666666666666666,0.6666666666666666,102.3005189651734,8.525043247097782,12,102.19968694841309,29,23,4,SF,9.83884820034689
00-0037256,Rachaad White,RB,WAS,10.033333333333333,10.333333333333334,7.333333333333333,3.0,88.69347902256197,7.391123251880164,12,94.73915143037932,30,69,4,IND,8.441497714940873
00-0039811,MarShawn Lloyd,RB,GB,5.366666666666666,9.666666666666666,7.666666666666667,2.0,87.25329764581409,7.271108137151174,12,104.95603956439204,31,7,6,DAL,7.980860599187372
00-0039738,Blake Corum,RB,LA,6.366666666666667,11.0,9.333333333333334,1.6666666666666667,86.43652980500488,7.203044150417074,12,98.45580644086988,32,51,5,BUF,8.040191688790015
00-0035685,David Montgomery,RB,HOU,13.366666666666667,14.666666666666666,12.333333333333334,2.3333333333333335,86.24119479110601,7.186766232592167,12,97.88964931561594,33,55,4,DAL,8.598843718657957
00-0039299,George Holani,RB,SEA,5.400000000000001,7.333333333333333,5.0,2.3333333333333335,85.6922828495028,7.1410235707919005,12,100.66656675658574,34,33,6,DEN,8.39631442740774
00-0033906,Alvin Kamara,RB,NO,6.15,12.5,9.0,3.5,76.70749490118678,6.392291241765565,12,100.80036300662736,35,29,10,CAR,7.452354250058471
00-0040583,Woody Marks,RB,HOU,7.533333333333334,10.0,7.333333333333333,2.6666666666666665,75.9934723950807,6.332789366256725,12,97.88964931561594,36,55,4,DAL,7.585781730483319
00-0040236,Kyle Monangai,RB,CHI,14.1,12.0,10.0,2.0,74.42994764947403,6.2024956374561695,12,104.53092217004696,37,13,4,NYJ,6.647735057208978
00-0041512,Jadarian Price,RB,SEA,4.666666666666667,11.666666666666666,9.333333333333334,2.3333333333333335,74.36084451085473,6.196737042571228,12,100.66656675658574,38,33,13,DAL,6.814084610513136
00-0041013,Emmett Johnson,RB,KC,5.333333333333333,6.666666666666667,5.333333333333333,1.3333333333333333,74.23709166665755,6.186424305554795,12,98.43640723348985,39,53,8,DEN,6.995671063069258
00-0040466,Raheim Sanders,RB,CLE,5.6000000000000005,4.333333333333333,1.3333333333333333,3.0,73.52371933301647,6.126976611084706,12,97.50391314483632,40,57,4,PIT,6.7949048246368005
00-0038797,Emanuel Wilson,RB,SEA,3.633333333333334,11.0,10.666666666666666,0.3333333333333333,73.18364672548076,6.098637227123397,12,100.66656675658574,41,33,5,SF,6.951758622993722
00-0034844,Saquon Barkley,RB,PHI,6.0,11.5,9.5,2.0,73.02163201508966,6.085136001257472,12,98.5229959702934,42,48,6,CAR,6.817005003144173
00-0039794,Braelon Allen,RB,NYJ,5.733333333333333,8.0,6.333333333333333,1.6666666666666667,72.62574078388158,6.052145065323465,12,103.950860891864,43,15,4,CHI,6.7895075258117465
00-0037263,Tyler Allgeier,RB,ARI,5.933333333333334,10.666666666666666,8.0,2.6666666666666665,70.96896586581808,5.914080488818173,12,99.34167582509076,44,40,7,DEN,6.876699005000232
00-0037746,Brian Robinson,RB,ATL,7.599999999999999,10.666666666666666,10.0,0.6666666666666666,69.76592909212383,5.8138274243436525,12,95.8048589602691,45,67,4,NO,6.919180062190163
00-0036919,Kenny Gainwell,RB,TB,3.4333333333333336,6.666666666666667,3.3333333333333335,3.3333333333333335,69.390789807743,5.782565817311917,12,104.9899257335065,46,5,7,CAR,7.032830978829223
00-0039032,Tyjae Spears,RB,TEN,4.633333333333334,6.333333333333333,4.333333333333333,2.0,68.9560296893639,5.746335807446992,12,96.38492023845207,47,63,6,IND,6.539949557864213
00-0038611,Chris Rodriguez Jr.,RB,JAX,4.433333333333334,6.666666666666667,6.666666666666667,0.0,67.34085024056364,5.61173752004697,12,98.56845505711526,48,45,5,PHI,6.102622741308876
00-0036139,Rico Dowdle,RB,PIT,5.25,11.0,7.5,3.5,67.09406353580619,5.591171961317182,12,100.59388217271123,49,36,5,IND,6.390161943128506
00-0040734,TreVeyon Henderson,RB,NE,8.75,12.5,12.0,0.5,65.21944046305691,5.434953371921409,12,104.82340893196124,50,10,4,BUF,5.964558163164892
00-0040198,Ollie Gordon II,RB,MIA,7.6,11.5,10.0,1.5,64.60187372187201,5.3834894768226675,12,105.52944017051321,51,3,5,CIN,5.839139496215211
00-0041052,Kaelon Black,RB,SF,4.066666666666666,9.0,8.333333333333334,0.6666666666666666,62.69228252185649,5.224356876821374,12,93.92047157558197,52,72,4,DEN,6.215857840002469
00-0038685,Chris Brooks,RB,GB,2.6333333333333333,5.0,3.6666666666666665,1.3333333333333333,59.10572701506318,4.925477251255265,12,104.95603956439204,53,7,8,CAR,6.051043024215939
00-0033526,Samaje Perine,RB,CIN,4.533333333333334,5.666666666666667,3.3333333333333335,2.3333333333333335,57.83660692961307,4.819717244134423,12,101.08735471409067,54,27,5,MIA,5.52254918937995
00-0038454,Keaton Mitchell,RB,LAC,6.5,7.0,5.666666666666667,1.3333333333333333,57.27576913093409,4.772980760911174,12,98.92929696606389,55,42,5,DEN,6.256457560119277
00-0036893,Najee Harris,RB,NYG,2.9000000000000004,6.5,6.5,0.0,55.40247001569526,4.616872501307938,12,93.80665734172578,56,74,6,NO,5.406665183389578
00-0034975,Justice Hill,RB,BAL,3.6333333333333333,5.333333333333333,4.333333333333333,1.0,54.53434917137872,4.544529097614894,12,96.52479435175009,57,61,4,TEN,5.066624831536389
00-0037085,Tyler Badie,RB,DEN,3.6500000000000004,3.0,1.0,2.0,50.50327650282188,4.208606375235157,12,102.19968694841309,58,23,9,CAR,5.213224780332812
00-0040142,Kaleb Johnson,RB,GB,1.9333333333333336,5.0,4.0,1.0,50.085726064188876,4.173810505349073,12,104.95603956439204,59,7,8,CAR,5.41205267166691
00-0039364,Sione Vaki,RB,DET,3.5,4.0,3.0,1.0,48.880790793438905,4.073399232786575,12,99.9144936224065,60,38,4,CAR,5.159215718845012
00-0039344,Jonathon Brooks,RB,CAR,4.65,6.0,4.5,1.5,47.557752283815645,3.9631460236513036,12,102.22574682785493,61,20,9,DEN,4.734907827032648
00-0040878,Mike Washington Jr.,RB,LV,5.400000000000001,5.333333333333333,5.0,0.3333333333333333,47.110140214721596,3.9258450178934665,12,102.47943517500916,62,18,6,BUF,4.26001707727832
00-0035250,Devin Singletary,RB,NYG,7.3500000000000005,7.0,4.5,2.5,45.30339307179623,3.775282755983019,12,93.80665734172578,63,74,6,NO,4.703831250574168
00-0036265,AJ Dillon,RB,CAR,1.6333333333333335,4.333333333333333,4.0,0.3333333333333333,43.65828868347337,3.638190723622781,12,102.22574682785493,64,20,9,DEN,4.16064735628951
00-0032104,Ameer Abdullah,RB,JAX,2.2333333333333334,4.333333333333333,3.3333333333333335,1.0,42.94143028723831,3.578452523936526,12,98.56845505711526,65,45,8,IND,4.036424340541477
00-0041104,Demond Claiborne,RB,MIN,0.65,2.0,1.5,0.5,42.67024494058387,3.555853745048656,12,106.19609018549971,66,1,7,IND,4.179415545732817
00-0041496,Jonah Coleman,RB,DEN,7.4,6.5,5.0,1.5,42.33529555529754,3.527941296274795,12,102.19968694841309,67,23,4,SF,4.140288701291082
00-0039746,Will Shipley,RB,PHI,3.5500000000000003,6.0,4.5,1.5,40.409241681376834,3.3674368067814027,12,98.5229959702934,68,48,6,CAR,4.229823591441826
00-0038555,Tank Bigsby,RB,PHI,6.050000000000001,8.0,7.0,1.0,39.810436337550875,3.317536361462573,12,98.5229959702934,69,48,6,CAR,4.104579947290882
00-0038551,Kendre Miller,RB,NO,6.45,8.0,6.5,1.5,38.21540569916227,3.184617141596856,12,100.80036300662736,70,29,10,CAR,3.838259211856017
00-0040556,Corey Kiner,RB,NE,1.6000000000000003,5.0,4.666666666666667,0.3333333333333333,36.91733279071804,3.0764443992265034,12,104.82340893196124,71,10,8,MIA,3.6192379739216274
00-0041096,Kaytron Allen,RB,WAS,2.0,4.5,4.5,0.0,36.62356895896414,3.0519640799136787,12,94.73915143037932,72,69,4,IND,3.849639729172087
00-0041125,Seth McGowan,RB,IND,0.8000000000000002,2.3333333333333335,2.0,0.3333333333333333,36.33068484694511,3.027557070578759,12,95.97137576181437,73,65,6,TEN,3.474466865699558
00-0038705,Emari Demercado,RB,DAL,0.75,2.5,2.5,0.0,26.758534166328516,2.229877847194043,12,97.16305325207314,74,59,6,GB,2.6764910871013985
00-0041326,CJ Donaldson,RB,NO,0.6333333333333333,2.0,1.3333333333333333,0.6666666666666666,24.477552391606128,2.039796032633844,12,100.80036300662736,75,29,10,CAR,2.7607346529264545
00-0039391,Kimani Vidal,RB,LAC,1.5,2.0,0.5,1.5,24.104606945084747,2.0087172454237288,12,98.92929696606389,76,42,5,DEN,2.8561980662641195
00-0036963,Amon-Ra St. Brown,WR,DET,25.26666666666667,11.666666666666666,0.0,11.666666666666666,201.6193247489363,16.801610395744692,12,100.96673624927972,1,40,8,MIN,17.162136359669706
00-0038543,Jaxon Smith-Njigba,WR,SEA,34.68666666666667,12.0,0.0,12.0,196.93400488782416,16.411167073985347,12,96.47439033671462,2,107,4,LAC,17.607033570517828
00-0037239,Chris Olave,WR,NO,23.5,12.0,0.0,12.0,191.34048513387535,15.945040427822946,12,99.9316948802418,3,65,5,MIN,16.701481146475402
00-0036358,CeeDee Lamb,WR,DAL,23.633333333333336,8.666666666666666,0.3333333333333333,8.333333333333334,178.7859042296278,14.898825352468982,12,100.0404992552486,4,62,4,HOU,15.753223990803274
00-0031381,Davante Adams,WR,LA,21.933333333333337,9.666666666666666,0.0,9.666666666666666,159.27353202787455,13.272794335656213,12,100.7806027593855,5,46,5,BUF,13.828877147614158
00-0037740,Garrett Wilson,WR,NYJ,19.099999999999998,9.0,0.0,9.0,155.82389830126255,12.985324858438545,12,97.35278928427759,6,96,5,CLE,14.070699446667223
00-0039064,Zay Flowers,WR,BAL,20.7,6.5,0.5,6.0,155.18619860235367,12.932183216862805,12,101.54506017808801,7,32,4,TEN,13.95686555007693
00-0038124,Christian Watson,WR,GB,23.133333333333336,9.666666666666666,0.0,9.666666666666666,148.68585685269045,12.390488071057538,12,98.20699740152429,8,91,6,DAL,12.81800358611497
00-0038559,Michael Wilson,WR,ARI,13.433333333333332,10.333333333333334,0.0,10.333333333333334,145.18065266711756,12.098387722259796,12,98.91926786044337,9,82,5,DET,13.384018287577764
00-0036900,Ja'Marr Chase,WR,CIN,18.166666666666668,8.333333333333334,0.0,8.333333333333334,142.6174643970427,11.884788699753559,12,100.07338791219543,10,58,4,JAX,12.805130803236196
00-0038606,Parker Washington,WR,JAX,16.366666666666667,7.666666666666667,0.0,7.666666666666667,139.48765093204977,11.623970911004148,12,102.31932983245811,11,20,5,PHI,12.68995201750679
00-0040667,Matthew Golden,WR,GB,15.433333333333332,10.0,0.0,10.0,138.95177411889546,11.579314509907954,12,98.20699740152429,12,91,5,CHI,12.245819987377828
00-0036410,Tee Higgins,WR,CIN,14.799999999999999,7.666666666666667,0.0,7.666666666666667,138.060558018329,11.505046501527417,12,100.07338791219543,13,58,4,JAX,12.806879575381092
00-0036912,DeVonta Smith,WR,PHI,18.0,9.5,0.0,9.5,137.26238083679354,11.438531736399462,12,101.18236080759321,14,36,14,IND,12.384756119956062
00-0037238,Drake London,WR,ATL,14.266666666666667,7.0,0.6666666666666666,6.333333333333333,135.41043544452577,11.284202953710482,12,100.79538906465746,15,43,5,BAL,12.062501776055953
00-0038997,Josh Downs,WR,IND,10.866666666666665,8.0,0.0,8.0,131.20801441651776,10.93400120137648,12,101.84347717364123,16,23,4,WAS,11.94065221409407
00-0036322,Justin Jefferson,WR,MIN,14.966666666666669,5.666666666666667,0.0,5.666666666666667,131.03706272681578,10.919755227234647,12,103.70299096513259,17,13,4,MIA,12.018196468564174
00-0032464,Kalif Raymond,WR,CHI,12.7,7.0,0.0,7.0,129.07982036544516,10.75665169712043,12,100.35345792969981,18,51,4,NYJ,11.213178380950037
00-0039491,Jalen Coker,WR,CAR,17.4,7.333333333333333,0.0,7.333333333333333,125.87980667064352,10.489983889220293,12,99.20803570457832,19,77,4,DET,11.717524430943811
00-0037247,George Pickens,WR,DAL,10.333333333333334,8.333333333333334,0.0,8.333333333333334,124.4104862665827,10.367540522215224,12,100.0404992552486,20,62,5,TB,11.230674692491235
00-0039880,Malik Washington,WR,MIA,8.700000000000001,8.666666666666666,1.0,7.666666666666667,120.78725936662993,10.06560494721916,12,101.67126020635594,21,27,5,CIN,10.559711599876959
00-0040129,Emeka Egbuka,WR,TB,10.933333333333332,7.0,0.3333333333333333,6.666666666666667,120.38138986823256,10.03178248901938,12,100.17523402589778,22,54,4,GB,11.238132927069675
00-0034827,DJ Moore,WR,BUF,11.200000000000001,6.333333333333333,0.3333333333333333,6.0,119.05807307145253,9.92150608928771,12,97.01357404568533,23,103,4,NE,10.891510083893301
00-0031588,Stefon Diggs,WR,WAS,14.833333333333334,7.333333333333333,0.0,7.333333333333333,116.78359009732914,9.731965841444095,12,103.80483707883492,24,8,4,IND,10.880687450578888
00-0040124,Tetairoa McMillan,WR,CAR,9.766666666666667,7.666666666666667,0.0,7.666666666666667,113.35294819638122,9.446079016365102,12,99.20803570457832,25,77,4,DET,10.660249934759992
00-0041438,Carnell Tate,WR,TEN,8.433333333333334,6.666666666666667,0.0,6.666666666666667,112.28515927762162,9.357096606468469,12,104.01089402785477,26,4,4,BAL,10.405529605623355
00-0035659,Terry McLaurin,WR,WAS,10.033333333333333,7.333333333333333,0.0,7.333333333333333,109.77782273579167,9.148151894649306,12,103.80483707883492,27,8,4,IND,10.065157970088059
00-0039424,Devaughn Vele,WR,NO,12.733333333333334,7.333333333333333,0.0,7.333333333333333,107.08317195464736,8.92359766288728,12,99.9316948802418,28,65,4,ATL,10.134952778399962
00-0039337,Malik Nabers,WR,NYG,7.2,6.333333333333333,0.0,6.333333333333333,105.83990669573099,8.819992224644249,12,105.38610196027268,29,1,5,WAS,9.877614888104452
00-0036613,Jaylen Waddle,WR,DEN,9.799999999999999,7.0,0.3333333333333333,6.666666666666667,105.4102919004898,8.784190991707483,12,93.7065788186177,30,113,4,SF,9.72495894496419
00-0031408,Mike Evans,WR,SF,12.566666666666668,5.333333333333333,0.0,5.333333333333333,104.54986133669715,8.712488444724762,12,98.34512976070106,31,88,4,DEN,9.975987625621325
00-0039067,Rashee Rice,WR,KC,12.666666666666666,5.666666666666667,0.0,5.666666666666667,104.37633714317185,8.698028095264322,12,98.86873892386139,32,85,6,LAC,9.228043387572844
00-0039890,Adonai Mitchell,WR,NYJ,10.65,7.5,0.0,7.5,103.2446108727818,8.603717572731817,12,97.35278928427759,33,96,5,CLE,9.525007152282576
00-0041547,KC Concepcion,WR,CLE,6.3,8.0,1.3333333333333333,6.666666666666667,100.75987289935493,8.396656074946245,12,100.68658468965066,34,48,4,PIT,8.970813931671312
00-0040735,Luther Burden III,WR,CHI,7.85,6.5,0.5,6.0,100.67865067153265,8.389887555961055,12,100.35345792969981,35,51,5,GB,8.821468578173603
00-0035719,Deebo Samuel Sr.,WR,SF,13.299999999999999,5.0,1.3333333333333333,3.6666666666666665,99.96760266666723,8.330633555555602,12,98.34512976070106,36,88,4,DEN,8.922103675369375
00-0038994,Jordan Addison,WR,MIN,8.033333333333333,5.333333333333333,0.0,5.333333333333333,99.09249833255866,8.25770819437989,12,103.70299096513259,37,13,4,MIA,8.946371660345822
00-0035640,DK Metcalf,WR,PIT,8.933333333333334,8.0,0.0,8.0,99.03829947526852,8.253191622939044,12,99.8751590071431,38,68,5,IND,9.418764668632093
00-0030279,Keenan Allen,WR,IND,9.666666666666666,6.666666666666667,0.0,6.666666666666667,97.82581780889943,8.152151484074952,12,101.84347717364123,39,23,4,WAS,9.079947591136662
00-0041037,Denzel Boston,WR,CLE,14.166666666666666,5.0,0.0,5.0,97.6057216337463,8.133810136145526,12,100.68658468965066,40,48,4,PIT,9.128991922332867
00-0038117,Wan'Dale Robinson,WR,TEN,9.799999999999999,6.0,0.0,6.0,97.47397249361082,8.122831041134235,12,104.01089402785477,41,4,5,HOU,9.060928309930716
00-0037240,Jameson Williams,WR,DET,7.566666666666667,5.666666666666667,0.0,5.666666666666667,94.3946990225354,7.866224918544617,12,100.96673624927972,42,40,5,ARI,8.455453347339002
00-0039739,Roman Wilson,WR,PIT,9.466666666666667,6.0,0.0,6.0,94.13086058331677,7.8442383819430646,12,99.8751590071431,43,68,5,IND,8.78028677462055
00-0033555,Mack Hollins,WR,NE,9.200000000000001,5.333333333333333,0.0,5.333333333333333,93.91889191189159,7.826574325990966,12,99.36198723593942,44,72,4,BUF,8.766644043855955
00-0039915,Ladd McConkey,WR,LAC,12.100000000000001,5.0,0.0,5.0,93.80184748510071,7.816820623758392,12,95.11127781945486,45,110,5,DEN,8.867870959394905
00-0040727,Tre Harris,WR,LAC,8.3,5.333333333333333,0.0,5.333333333333333,92.62345656885033,7.7186213807375275,12,95.11127781945486,46,110,5,DEN,8.623338322398874
00-0038563,Tre Tucker,WR,LV,11.966666666666667,5.0,0.0,5.0,90.73897841038504,7.561581534198754,12,97.2944323037281,47,99,4,KC,8.347037660077252
00-0038618,Xavier Hutchinson,WR,HOU,7.133333333333333,7.666666666666667,0.6666666666666666,7.0,87.48108437208096,7.29009036434008,12,102.89330484795111,48,16,5,TEN,8.10438179770736
00-0038393,Dontayvion Wicks,WR,PHI,13.850000000000001,5.0,0.0,5.0,86.97984461033522,7.248320384194602,12,101.18236080759321,49,36,4,LA,7.958060451677912
00-0036550,Rashod Bateman,WR,BAL,9.166666666666666,4.333333333333333,0.0,4.333333333333333,84.7976516350189,7.066470969584908,12,101.54506017808801,50,32,4,TEN,7.7156222049601375
00-0034960,Jakobi Meyers,WR,JAX,11.799999999999999,4.0,0.3333333333333333,3.6666666666666665,82.06762920004083,6.8389691000034025,12,102.31932983245811,51,20,5,PHI,7.366318705364323
00-0041523,Caleb Douglas,WR,MIA,9.15,5.0,0.0,5.0,81.4914890818259,6.790957423485492,12,101.67126020635594,52,27,9,DET,7.181011967028914
00-0039894,Xavier Worthy,WR,KC,7.433333333333334,5.0,0.0,5.0,80.77411248091131,6.731176040075943,12,98.86873892386139,53,85,6,LAC,7.187818918928437
00-0038544,Quentin Johnston,WR,LAC,4.366666666666667,6.0,0.3333333333333333,5.666666666666667,80.28495912456256,6.690413260380214,12,95.11127781945486,54,110,5,DEN,7.609128001277472
00-0033307,Kendrick Bourne,WR,ARI,7.6000000000000005,4.666666666666667,0.0,4.666666666666667,79.43660658570336,6.61971721547528,12,98.91926786044337,55,82,5,DET,7.361468029974606
00-0039410,Ryan Flournoy,WR,DAL,5.233333333333333,6.0,0.0,6.0,78.92734612326835,6.577278843605696,12,100.0404992552486,56,62,5,TB,7.074799474123459
00-0033921,Chris Godwin Jr.,WR,TB,7.533333333333334,4.333333333333333,0.6666666666666666,3.6666666666666665,78.2732427310902,6.522770227590851,12,100.17523402589778,57,54,4,GB,7.096620694294001
00-0041048,Ted Hurst III,WR,TB,7.433333333333334,4.333333333333333,0.0,4.333333333333333,78.14205324261717,6.511837770218097,12,100.17523402589778,58,54,4,GB,7.158434005694028
00-0037261,Khalil Shakir,WR,BUF,5.800000000000001,5.0,0.0,5.0,75.81920074941218,6.318266729117681,12,97.01357404568533,59,103,4,NE,6.82760978336035
00-0033908,Cooper Kupp,WR,SEA,8.033333333333333,3.3333333333333335,0.0,3.3333333333333335,75.37524424610619,6.281270353842182,12,96.47439033671462,60,107,4,LAC,6.952167052396591
00-0034348,Courtland Sutton,WR,DEN,5.3999999999999995,5.333333333333333,0.0,5.333333333333333,73.62777632852996,6.1356480273774965,12,93.7065788186177,61,113,5,LAC,6.903246642781843
00-0039919,Rome Odunze,WR,CHI,7.25,3.5,0.0,3.5,73.30046943376114,6.108372452813428,12,100.35345792969981,62,51,13,JAX,6.500918369951285
00-0040134,Pat Bryant,WR,DEN,8.066666666666666,3.3333333333333335,0.3333333333333333,3.0,71.0077131851039,5.917309432091991,12,93.7065788186177,63,113,5,LAC,6.272550013818192
00-0037816,Romeo Doubs,WR,NE,6.833333333333333,3.6666666666666665,0.0,3.6666666666666665,68.46536123199517,5.705446769332931,12,99.36198723593942,64,72,4,BUF,6.29397686955951
00-0039893,Brian Thomas Jr.,WR,JAX,5.266666666666667,4.0,0.0,4.0,68.15504391359244,5.679586992799369,12,102.31932983245811,65,20,8,IND,6.192075988260229
00-0037545,Rashid Shaheed,WR,SEA,3.9000000000000004,4.333333333333333,0.3333333333333333,4.0,67.45142140435001,5.620951783695834,12,96.47439033671462,66,107,4,LAC,5.996137654095547
00-0038104,Tyquan Thornton,WR,KC,5.6000000000000005,2.3333333333333335,0.0,2.3333333333333335,66.09352535379556,5.507793779482963,12,98.86873892386139,67,85,4,LV,5.854657320178808
00-0041042,Malachi Fields,WR,NYG,4.466666666666667,4.0,0.0,4.0,64.73834211985702,5.394861843321419,12,105.38610196027268,68,1,4,ARI,6.040310575834043
00-0041040,Antonio Williams,WR,WAS,8.433333333333332,3.6666666666666665,0.0,3.6666666666666665,64.60688705586696,5.38390725465558,12,103.80483707883492,69,8,4,IND,6.091526043213199
00-0041525,Chris Bell,WR,MIA,4.733333333333333,3.3333333333333335,0.0,3.3333333333333335,64.13921394492566,5.344934495410471,12,101.67126020635594,70,27,5,CIN,5.921746369427328
00-0040590,Konata Mumpfield,WR,LA,7.166666666666667,3.6666666666666665,0.0,3.6666666666666665,63.08863145881873,5.257385954901561,12,100.7806027593855,71,46,5,BUF,6.030107812709048
00-0040170,Elic Ayomanor,WR,TEN,6.366666666666667,3.0,0.0,3.0,62.61454801443146,5.217879001202622,12,104.01089402785477,72,4,4,BAL,5.74904831501172
00-0037664,Alec Pierce,WR,IND,6.1000000000000005,3.5,0.0,3.5,62.14819450288288,5.179016208573573,12,101.84347717364123,73,23,4,WAS,5.661193235194304
00-0039901,Keon Coleman,WR,BUF,6.033333333333334,3.0,0.0,3.0,61.49368871490842,5.124474059575702,12,97.01357404568533,74,103,4,NE,5.6030510793484005
00-0038621,DeMario Douglas,WR,NE,4.566666666666667,4.666666666666667,0.0,4.666666666666667,59.25160882384513,4.937634068653761,12,99.36198723593942,75,72,4,BUF,5.4222987770550795
00-0040669,Isaac TeSlaa,WR,DET,4.733333333333333,3.0,0.0,3.0,58.303097923168025,4.858591493597335,12,100.96673624927972,76,40,7,GB,5.210957698595157
00-0037741,Jahan Dotson,WR,ATL,2.7000000000000006,3.3333333333333335,0.0,3.3333333333333335,58.29717773163409,4.858098144302841,12,100.79538906465746,77,43,5,BAL,5.521093583133506
00-0032775,Demarcus Robinson,WR,SF,9.7,3.0,0.0,3.0,56.21118962355705,4.684265801963087,12,98.34512976070106,78,88,4,DEN,5.127654106745103
00-0036252,Michael Pittman,WR,PIT,6.2,4.0,0.0,4.0,54.695458911292654,4.557954909274388,12,99.8751590071431,79,68,5,IND,5.093263372863494
00-0037291,Jalen Nailor,WR,LV,3.4,3.6666666666666665,0.0,3.6666666666666665,54.59726641395841,4.549772201163201,12,97.2944323037281,80,99,6,BUF,5.013696899304948
00-0039451,Isaiah Williams,WR,NYJ,5.2,3.3333333333333335,0.3333333333333333,3.0,54.079240905945916,4.506603408828826,12,97.35278928427759,81,96,7,MIA,4.891789357935339
00-0036309,Darnell Mooney,WR,NYG,5.466666666666668,3.0,0.3333333333333333,2.6666666666666665,53.173671559048856,4.431139296587404,12,105.38610196027268,82,1,5,WAS,5.114439388229096
00-0032398,Chris Moore,WR,BAL,5.1000000000000005,2.0,0.0,2.0,53.02089444209777,4.418407870174814,12,101.54506017808801,83,32,4,TEN,4.934629541027743
00-0041489,Germie Bernard,WR,PIT,4.95,4.5,0.0,4.5,52.36642476674507,4.363868730562089,12,99.8751590071431,84,68,5,IND,4.93991135810245
00-0040138,Jaylin Noel,WR,HOU,5.733333333333334,3.6666666666666665,0.6666666666666666,3.0,51.70603911863648,4.308836593219707,12,102.89330484795111,85,16,4,DAL,4.733261757147989
00-0038608,Kayshon Boutte,WR,HOU,4.633333333333333,3.0,0.0,3.0,51.489736346950274,4.290811362245856,12,102.89330484795111,86,16,4,DAL,4.689457820110796
00-0038728,Jared Wayne,WR,HOU,3.5,4.0,0.0,4.0,49.94672359391996,4.162226966159997,12,102.89330484795111,87,16,4,DAL,4.508521118768184
00-0039849,Marvin Harrison Jr.,WR,ARI,3.766666666666667,3.0,0.0,3.0,47.87613054570711,3.9896775454755926,12,98.91926786044337,88,82,5,DET,4.646138298929976
00-0035891,Cody White,WR,LV,7.933333333333333,2.0,0.0,2.0,46.90374523301189,3.908645436084324,12,97.2944323037281,89,99,6,BUF,4.355744291134195
00-0036988,Josh Palmer,WR,BUF,10.850000000000001,2.5,0.0,2.5,45.802605266114966,3.816883772176247,12,97.01357404568533,90,103,8,BAL,4.233501456621438
00-0040729,Jack Bech,WR,LV,7.9,3.0,0.0,3.0,45.65875525079848,3.804896270899873,12,97.2944323037281,91,99,6,BUF,4.218652080536839
00-0032951,Laquon Treadwell,WR,IND,4.033333333333334,1.6666666666666667,0.0,1.6666666666666667,45.02465605744971,3.7520546714541427,12,101.84347717364123,92,23,6,TEN,4.174675860349554
00-0040867,Makai Lemon,WR,PHI,2.2,3.0,0.5,2.5,44.756788354278854,3.7297323628565713,12,101.18236080759321,93,36,5,JAX,3.923695297218445
00-0040785,Dohnte Meyers,WR,CIN,3.233333333333334,2.6666666666666665,0.3333333333333333,2.3333333333333335,44.58742655575786,3.715618879646488,12,100.07338791219543,94,58,4,JAX,4.31665352173207
00-0038840,Brycen Tremayne,WR,CAR,4.1000000000000005,2.0,0.0,2.0,44.1031501660688,3.675262513839067,12,99.20803570457832,95,77,4,DET,4.449594457949695
00-0036626,Dyami Brown,WR,WAS,1.3666666666666665,3.0,0.0,3.0,43.68768512591849,3.6406404271598745,12,103.80483707883492,96,8,4,IND,3.927139911153173
00-0040237,Tez Johnson,WR,TB,2.433333333333333,2.6666666666666665,0.3333333333333333,2.3333333333333335,43.16310043090065,3.5969250359083875,12,100.17523402589778,97,54,4,GB,3.9064675228745585
00-0038090,Skyy Moore,WR,GB,2.9,3.6666666666666665,0.0,3.6666666666666665,42.37476626017078,3.5312305216808983,12,98.20699740152429,98,91,5,CHI,4.043672810674585
00-0037614,John Metchie III,WR,CAR,4.95,2.5,0.0,2.5,40.67786800959914,3.3898223341332616,12,99.20803570457832,99,77,4,DET,3.8422154649612557
00-0038824,Ryan Miller,WR,MIA,9.1,2.0,0.0,2.0,39.99776352704672,3.333146960587227,12,101.67126020635594,100,27,5,CIN,3.7749677577948884
00-0039342,Xavier Legette,WR,CAR,4.2,3.0,0.0,3.0,39.09690563191853,3.258075469326544,12,99.20803570457832,101,77,4,DET,3.7635102705831334
00-0041067,Bryce Lance,WR,NO,3.0,2.6666666666666665,0.0,2.6666666666666665,38.281241335033585,3.190103444586132,12,99.9316948802418,102,65,4,ATL,3.600872648899323
00-0035208,Olamide Zaccheaus,WR,ATL,1.9000000000000001,2.0,0.0,2.0,37.14013370429972,3.0950111420249766,12,100.79538906465746,103,43,5,BAL,3.510956773333162
00-0038619,Andrei Iosivas,WR,CIN,2.45,2.0,0.0,2.0,35.73348327261216,2.97779027271768,12,100.07338791219543,104,58,7,BAL,3.17406009702814
00-0039146,Jayden Reed,WR,GB,3.2,4.0,0.0,4.0,35.001501437542665,2.916791786461889,12,98.20699740152429,105,91,7,DET,3.2387502185377484
00-0036407,Jerry Jeudy,WR,CLE,2.3,2.5,0.0,2.5,33.4094086179198,2.7841173848266503,12,100.68658468965066,106,48,6,BAL,3.221566513439319
00-0040131,Kyle Williams,WR,NE,2.1333333333333333,1.6666666666666667,0.0,1.6666666666666667,32.995791371081204,2.7496492809234336,12,99.36198723593942,107,72,4,BUF,3.1532357758018477
00-0037742,Treylon Burks,WR,WAS,4.65,1.5,0.0,1.5,32.87300943295466,2.739417452746222,12,103.80483707883492,108,8,4,IND,3.3180324318289998
00-0040948,J. Michael Sturdivant,WR,GB,2.6,1.5,0.0,1.5,29.429017430245075,2.4524181191870897,12,98.20699740152429,109,91,7,DET,2.811920437377867
00-0040024,Darius Cooper,WR,PHI,5.3,1.5,0.0,1.5,27.046183826527695,2.253848652210641,12,101.18236080759321,110,36,4,LA,2.5044496194693053
00-0041529,Kevin Coleman Jr.,WR,MIA,0.65,3.0,0.0,3.0,26.795163304762298,2.2329302753968583,12,101.67126020635594,111,27,5,CIN,2.4949278467852327
00-0036259,Jauan Jennings,WR,MIN,0.55,1.5,0.0,1.5,26.42527288241343,2.2021060735344524,12,103.70299096513259,112,13,7,IND,2.546038281950915
00-0034837,Calvin Ridley,WR,TEN,2.75,1.5,0.0,1.5,25.189643147414515,2.0991369289512094,12,104.01089402785477,113,4,4,BAL,2.4159779155532077
00-0039792,Devontez Walker,WR,BAL,2.85,1.5,0.0,1.5,23.553962344831135,1.9628301954025946,12,101.54506017808801,114,32,5,ATL,2.2880551881776205
00-0040563,Efton Chism III,WR,NE,1.27,1.5,0.0,1.5,20.056917219867653,1.6714097683223044,12,99.36198723593942,115,72,4,BUF,2.000363238807865
