team,position,ros_games,avg_matchup_index,easiest_matchup_index,toughest_matchup_index,easy_games,tough_games,sos_rank,schedule
ARI,RB,12,99.34167582509076,118.7381356778899,79.41352782495754,8,10,17,W4 @ NYG (102) | W5 vs DET (97) | W6 @ LA (92) | W7 vs DEN (119) | W8 @ DAL (110) | W9 @ SEA (89) | W10 vs LA (92) | W11 @ KC (96) | W12 vs WAS (79) | W13 vs PHI (95) | W15 vs NYJ (106) | W16 @ NO (115)
ARI,WR,12,98.91926786044337,123.04086891288038,85.43494569294499,9,9,23,W4 @ NYG (106) | W5 vs DET (112) | W6 @ LA (98) | W7 vs DEN (93) | W8 @ DAL (96) | W9 @ SEA (87) | W10 vs LA (98) | W11 @ KC (85) | W12 vs WAS (123) | W13 vs PHI (97) | W15 vs NYJ (95) | W16 @ NO (95)
ATL,RB,12,95.8048589602691,115.22130082925369,79.41352782495754,4,10,29,W4 @ NO (115) | W5 vs BAL (99) | W6 vs CHI (106) | W7 vs SF (104) | W8 @ TB (93) | W9 vs CIN (95) | W10 vs KC (96) | W12 @ MIN (80) | W13 vs DET (97) | W14 @ CLE (91) | W15 @ WAS (79) | W16 vs TB (93)
ATL,WR,12,100.79538906465747,123.04086891288038,85.43494569294499,15,12,12,W4 @ NO (95) | W5 vs BAL (108) | W6 vs CHI (96) | W7 vs SF (94) | W8 @ TB (93) | W9 vs CIN (98) | W10 vs KC (85) | W12 @ MIN (106) | W13 vs DET (112) | W14 @ CLE (106) | W15 @ WAS (123) | W16 vs TB (93)
BAL,RB,12,96.52479435175009,123.2141073034269,78.37446298331503,4,12,26,W4 vs TEN (100) | W5 @ ATL (81) | W6 @ CLE (91) | W7 vs CIN (95) | W8 @ BUF (116) | W9 vs JAX (90) | W10 vs LAC (99) | W11 @ CAR (123) | W12 @ HOU (78) | W14 vs TB (93) | W15 @ PIT (101) | W16 vs CLE (91)
BAL,WR,12,101.54506017808801,112.57216478032551,86.26993704947978,20,12,9,W4 vs TEN (102) | W5 @ ATL (110) | W6 @ CLE (106) | W7 vs CIN (98) | W8 @ BUF (111) | W9 vs JAX (98) | W10 vs LAC (102) | W11 @ CAR (86) | W12 @ HOU (113) | W14 vs TB (93) | W15 @ PIT (94) | W16 vs CLE (106)
BUF,RB,12,102.75860059279982,123.53381956239384,80.45259266660007,5,3,8,W4 vs NE (100) | W5 @ LA (92) | W6 @ LV (91) | W8 vs BAL (99) | W9 @ MIN (80) | W10 @ NYJ (106) | W11 vs MIA (120) | W12 vs KC (96) | W13 @ NE (100) | W14 @ GB (124) | W15 vs CHI (106) | W16 @ DEN (119)
BUF,WR,12,97.01357404568533,107.87533839981734,85.43494569294499,12,16,29,W4 vs NE (102) | W5 @ LA (98) | W6 @ LV (86) | W8 vs BAL (108) | W9 @ MIN (106) | W10 @ NYJ (95) | W11 vs MIA (88) | W12 vs KC (85) | W13 @ NE (102) | W14 @ GB (106) | W15 vs CHI (96) | W16 @ DEN (93)
CAR,RB,12,102.22574682785493,123.53381956239384,80.45259266660007,12,12,10,W4 vs DET (97) | W6 @ PHI (95) | W7 vs TB (93) | W8 @ GB (124) | W9 vs DEN (119) | W10 @ NO (115) | W11 vs BAL (99) | W12 @ TB (93) | W13 @ MIN (80) | W14 vs NO (115) | W15 vs CIN (95) | W16 @ PIT (101)
CAR,WR,12,99.20803570457832,112.10248214227471,92.84549398219119,20,20,22,W4 vs DET (112) | W6 @ PHI (97) | W7 vs TB (93) | W8 @ GB (106) | W9 vs DEN (93) | W10 @ NO (95) | W11 vs BAL (108) | W12 @ TB (93) | W13 @ MIN (106) | W14 vs NO (95) | W15 vs CIN (98) | W16 @ PIT (94)
CHI,RB,12,104.53092217004696,123.53381956239384,80.69237686082525,12,8,6,W4 vs NYJ (106) | W5 @ GB (124) | W6 @ ATL (81) | W7 vs NE (100) | W8 @ SEA (89) | W9 vs TB (93) | W11 vs NO (115) | W12 @ DET (97) | W13 vs JAX (90) | W14 @ MIA (120) | W15 @ BUF (116) | W16 vs GB (124)
CHI,WR,12,100.3534579296998,112.10248214227471,87.31367624514823,15,9,15,W4 vs NYJ (95) | W5 @ GB (106) | W6 @ ATL (110) | W7 vs NE (102) | W8 @ SEA (87) | W9 vs TB (93) | W11 vs NO (95) | W12 @ DET (112) | W13 vs JAX (98) | W14 @ MIA (88) | W15 @ BUF (111) | W16 vs GB (106)
CIN,RB,12,101.08735471409067,123.2141073034269,79.41352782495754,8,8,12,W4 vs JAX (90) | W5 @ MIA (120) | W7 @ BAL (99) | W8 vs TEN (100) | W9 @ ATL (81) | W10 vs PIT (101) | W11 @ WAS (79) | W12 vs NO (115) | W13 @ CLE (91) | W14 vs KC (96) | W15 @ CAR (123) | W16 @ IND (117)
CIN,WR,12,100.07338791219543,123.04086891288038,85.43494569294499,16,16,17,W4 vs JAX (98) | W5 @ MIA (88) | W7 @ BAL (108) | W8 vs TEN (102) | W9 @ ATL (110) | W10 vs PIT (94) | W11 @ WAS (123) | W12 vs NO (95) | W13 @ CLE (106) | W14 vs KC (85) | W15 @ CAR (86) | W16 @ IND (105)
CLE,RB,12,97.50391314483632,115.22130082925369,78.37446298331503,4,6,24,W4 vs PIT (101) | W5 @ NYJ (106) | W6 vs BAL (99) | W7 @ TEN (100) | W8 @ PIT (101) | W9 @ NO (115) | W10 vs HOU (78) | W12 vs LV (91) | W13 vs CIN (95) | W14 vs ATL (81) | W15 @ NYG (102) | W16 @ BAL (99)
CLE,WR,12,100.68658468965067,112.57216478032551,85.64369353207867,15,9,14,W4 vs PIT (94) | W5 @ NYJ (95) | W6 vs BAL (108) | W7 @ TEN (102) | W8 @ PIT (94) | W9 @ NO (95) | W10 vs HOU (113) | W12 vs LV (86) | W13 vs CIN (98) | W14 vs ATL (110) | W15 @ NYG (106) | W16 @ BAL (108)
DAL,RB,12,97.16305325207314,123.53381956239384,78.37446298331503,4,16,25,W4 @ HOU (78) | W5 vs TB (93) | W6 @ GB (124) | W7 @ PHI (95) | W8 vs ARI (89) | W9 @ IND (117) | W10 vs SF (104) | W11 vs TEN (100) | W12 vs PHI (95) | W13 @ SEA (89) | W15 @ LA (92) | W16 vs JAX (90)
DAL,WR,12,100.04049925524859,112.57216478032551,87.31367624514823,9,9,18,W4 @ HOU (113) | W5 vs TB (93) | W6 @ GB (106) | W7 @ PHI (97) | W8 vs ARI (111) | W9 @ IND (105) | W10 vs SF (94) | W11 vs TEN (102) | W12 vs PHI (97) | W13 @ SEA (87) | W15 @ LA (98) | W16 vs JAX (98)
DEN,RB,12,102.19968694841309,123.2141073034269,88.9249675292237,16,16,11,W4 @ SF (104) | W5 @ LAC (99) | W6 vs SEA (89) | W7 @ ARI (89) | W8 vs KC (96) | W9 @ CAR (123) | W11 vs LV (91) | W12 @ PIT (101) | W13 vs MIA (120) | W14 @ NYJ (106) | W15 @ LV (91) | W16 vs BUF (116)
DEN,WR,12,93.7065788186177,111.11092990638964,85.43494569294499,6,24,32,W4 @ SF (94) | W5 @ LAC (102) | W6 vs SEA (87) | W7 @ ARI (111) | W8 vs KC (85) | W9 @ CAR (86) | W11 vs LV (86) | W12 @ PIT (94) | W13 vs MIA (88) | W14 @ NYJ (95) | W15 @ LV (86) | W16 vs BUF (111)
DET,RB,12,99.9144936224065,123.53381956239384,80.45259266660007,8,10,16,W4 @ CAR (123) | W5 @ ARI (89) | W7 vs GB (124) | W8 vs MIN (80) | W9 @ MIA (120) | W10 vs NE (100) | W11 vs TB (93) | W12 vs CHI (106) | W13 @ ATL (81) | W14 vs TEN (100) | W15 @ MIN (80) | W16 vs NYG (102)
DET,WR,12,100.9667362492797,111.11092990638964,86.26993704947978,18,9,11,W4 @ CAR (86) | W5 @ ARI (111) | W7 vs GB (106) | W8 vs MIN (106) | W9 @ MIA (88) | W10 vs NE (102) | W11 vs TB (93) | W12 vs CHI (96) | W13 @ ATL (110) | W14 vs TEN (102) | W15 @ MIN (106) | W16 vs NYG (106)
GB,RB,12,104.95603956439204,123.2141073034269,80.45259266660007,21,9,4,W4 @ TB (93) | W5 vs CHI (106) | W6 vs DAL (110) | W7 @ DET (97) | W8 vs CAR (123) | W9 @ NE (100) | W10 vs MIN (80) | W12 @ LA (92) | W13 @ NO (115) | W14 vs BUF (116) | W15 vs MIA (120) | W16 @ CHI (106)
GB,WR,12,98.20699740152428,112.10248214227471,86.26993704947978,15,15,26,W4 @ TB (93) | W5 vs CHI (96) | W6 vs DAL (96) | W7 @ DET (112) | W8 vs CAR (86) | W9 @ NE (102) | W10 vs MIN (106) | W12 @ LA (98) | W13 @ NO (95) | W14 vs BUF (111) | W15 vs MIA (88) | W16 @ CHI (96)
HOU,RB,12,97.88964931561594,117.37935857728044,79.41352782495754,4,10,23,W4 vs DAL (110) | W5 @ TEN (100) | W6 @ JAX (90) | W7 vs NYG (102) | W9 @ LAC (99) | W10 @ CLE (91) | W11 vs IND (117) | W12 vs BAL (99) | W13 @ PIT (101) | W14 @ WAS (79) | W15 vs JAX (90) | W16 @ PHI (95)
HOU,WR,12,102.89330484795111,123.04086891288038,93.78485925829283,16,4,5,W4 vs DAL (96) | W5 @ TEN (102) | W6 @ JAX (98) | W7 vs NYG (106) | W9 @ LAC (102) | W10 @ CLE (106) | W11 vs IND (105) | W12 vs BAL (108) | W13 @ PIT (94) | W14 @ WAS (123) | W15 vs JAX (98) | W16 @ PHI (97)
IND,RB,12,95.97137576181437,120.17684084324111,78.37446298331503,4,10,28,W4 @ WAS (79) | W5 @ PIT (101) | W6 vs TEN (100) | W7 @ MIN (80) | W8 @ JAX (90) | W9 vs DAL (110) | W10 vs MIA (120) | W11 @ HOU (78) | W12 vs NYG (102) | W14 @ PHI (95) | W15 @ TEN (100) | W16 vs CIN (95)
IND,WR,12,101.84347717364123,123.04086891288038,87.93991976254934,16,8,7,W4 @ WAS (123) | W5 @ PIT (94) | W6 vs TEN (102) | W7 @ MIN (106) | W8 @ JAX (98) | W9 vs DAL (96) | W10 vs MIA (88) | W11 @ HOU (113) | W12 vs NYG (106) | W14 @ PHI (97) | W15 @ TEN (102) | W16 vs CIN (98)
JAX,RB,12,98.56845505711527,117.37935857728044,78.37446298331503,9,9,19,W4 @ CIN (95) | W5 vs PHI (95) | W6 vs HOU (78) | W8 vs IND (117) | W9 @ BAL (99) | W10 @ TEN (100) | W11 @ NYG (102) | W12 vs TEN (100) | W13 @ CHI (106) | W14 vs PIT (101) | W15 @ HOU (78) | W16 @ DAL (110)
JAX,WR,12,102.31932983245811,112.57216478032551,93.78485925829283,12,3,6,W4 @ CIN (98) | W5 vs PHI (97) | W6 vs HOU (113) | W8 vs IND (105) | W9 @ BAL (108) | W10 @ TEN (102) | W11 @ NYG (106) | W12 vs TEN (102) | W13 @ CHI (96) | W14 vs PIT (94) | W15 @ HOU (113) | W16 @ DAL (96)
KC,RB,12,98.43640723348985,118.7381356778899,80.69237686082525,6,10,22,W4 @ LV (91) | W6 vs LAC (99) | W7 @ SEA (89) | W8 @ DEN (119) | W9 vs NYJ (106) | W10 @ ATL (81) | W11 vs ARI (89) | W12 @ BUF (116) | W13 @ LA (92) | W14 @ CIN (95) | W15 vs NE (100) | W16 vs SF (104)
KC,WR,12,98.86873892386139,111.11092990638964,85.64369353207867,9,12,24,W4 @ LV (86) | W6 vs LAC (102) | W7 @ SEA (87) | W8 @ DEN (93) | W9 vs NYJ (95) | W10 @ ATL (110) | W11 vs ARI (111) | W12 @ BUF (111) | W13 @ LA (98) | W14 @ CIN (98) | W15 vs NE (102) | W16 vs SF (94)
LA,RB,12,98.45580644086988,123.53381956239384,79.41352782495754,6,12,21,W4 @ PHI (95) | W5 vs BUF (116) | W6 vs ARI (89) | W7 @ LV (91) | W8 vs LAC (99) | W9 @ WAS (79) | W10 @ ARI (89) | W12 vs GB (124) | W13 vs KC (96) | W14 @ SF (104) | W15 vs DAL (110) | W16 @ SEA (89)
LA,WR,12,100.7806027593855,123.04086891288038,85.43494569294499,10,8,13,W4 @ PHI (97) | W5 vs BUF (111) | W6 vs ARI (111) | W7 @ LV (86) | W8 vs LAC (102) | W9 @ WAS (123) | W10 @ ARI (111) | W12 vs GB (106) | W13 vs KC (85) | W14 @ SF (94) | W15 vs DAL (96) | W16 @ SEA (87)
LAC,RB,12,98.92929696606387,120.17684084324111,78.37446298331503,9,15,18,W4 @ SEA (89) | W5 vs DEN (119) | W6 @ KC (96) | W8 @ LA (92) | W9 vs HOU (78) | W10 @ BAL (99) | W11 vs NYJ (106) | W12 vs NE (100) | W13 @ TB (93) | W14 @ LV (91) | W15 vs SF (104) | W16 @ MIA (120)
LAC,WR,12,95.11127781945487,112.57216478032551,85.43494569294499,6,21,31,W4 @ SEA (87) | W5 vs DEN (93) | W6 @ KC (85) | W8 @ LA (98) | W9 vs HOU (113) | W10 @ BAL (108) | W11 vs NYJ (95) | W12 vs NE (102) | W13 @ TB (93) | W14 @ LV (86) | W15 vs SF (94) | W16 @ MIA (88)
LV,RB,12,102.47943517500916,118.7381356778899,88.9249675292237,8,6,9,W4 vs KC (96) | W5 @ NE (100) | W6 vs BUF (116) | W7 vs LA (92) | W8 @ NYJ (106) | W9 @ SF (104) | W10 vs SEA (89) | W11 @ DEN (119) | W12 @ CLE (91) | W14 vs LAC (99) | W15 vs DEN (119) | W16 vs TEN (100)
LV,WR,12,97.2944323037281,110.69343422812224,85.43494569294499,8,20,28,W4 vs KC (85) | W5 @ NE (102) | W6 vs BUF (111) | W7 vs LA (98) | W8 @ NYJ (95) | W9 @ SF (94) | W10 vs SEA (87) | W11 @ DEN (93) | W12 @ CLE (106) | W14 vs LAC (102) | W15 vs DEN (93) | W16 vs TEN (102)
MIA,RB,12,105.52944017051321,123.53381956239384,80.45259266660007,14,2,2,W4 @ MIN (80) | W5 vs CIN (95) | W7 @ NYJ (106) | W8 vs NE (100) | W9 vs DET (97) | W10 @ IND (117) | W11 @ BUF (116) | W12 vs NYJ (106) | W13 @ DEN (119) | W14 vs CHI (106) | W15 @ GB (124) | W16 vs LAC (99)
MIA,WR,12,101.67126020635594,112.10248214227471,92.94986790175805,20,5,8,W4 @ MIN (106) | W5 vs CIN (98) | W7 @ NYJ (95) | W8 vs NE (102) | W9 vs DET (112) | W10 @ IND (105) | W11 @ BUF (111) | W12 vs NYJ (95) | W13 @ DEN (93) | W14 vs CHI (96) | W15 @ GB (106) | W16 vs LAC (102)
MIN,RB,12,106.19609018549971,123.53381956239384,79.41352782495754,12,4,1,W4 vs MIA (120) | W5 @ NO (115) | W7 vs IND (117) | W8 @ DET (97) | W9 vs BUF (116) | W10 @ GB (124) | W11 @ SF (104) | W12 vs ATL (81) | W13 vs CAR (123) | W14 @ NE (100) | W15 vs DET (97) | W16 vs WAS (79)
MIN,WR,12,103.70299096513259,123.04086891288038,86.26993704947978,18,9,4,W4 vs MIA (88) | W5 @ NO (95) | W7 vs IND (105) | W8 @ DET (112) | W9 vs BUF (111) | W10 @ GB (106) | W11 @ SF (94) | W12 vs ATL (110) | W13 vs CAR (86) | W14 @ NE (102) | W15 vs DET (112) | W16 vs WAS (123)
NE,RB,12,104.82340893196124,123.53381956239384,80.45259266660007,21,6,5,W4 @ BUF (116) | W5 vs LV (91) | W6 vs NYJ (106) | W7 @ CHI (106) | W8 @ MIA (120) | W9 vs GB (124) | W10 @ DET (97) | W12 @ LAC (99) | W13 vs BUF (116) | W14 vs MIN (80) | W15 @ KC (96) | W16 @ NYJ (106)
NE,WR,12,99.36198723593942,112.10248214227471,85.43494569294499,25,15,21,W4 @ BUF (111) | W5 vs LV (86) | W6 vs NYJ (95) | W7 @ CHI (96) | W8 @ MIA (88) | W9 vs GB (106) | W10 @ DET (112) | W12 @ LAC (102) | W13 vs BUF (111) | W14 vs MIN (106) | W15 @ KC (85) | W16 @ NYJ (95)
NO,RB,12,100.80036300662736,123.53381956239384,80.45259266660007,16,20,13,W4 vs ATL (81) | W5 vs MIN (80) | W6 @ NYG (102) | W7 vs PIT (101) | W9 vs CLE (91) | W10 vs CAR (123) | W11 @ CHI (106) | W12 @ CIN (95) | W13 vs GB (124) | W14 @ CAR (123) | W15 @ TB (93) | W16 vs ARI (89)
NO,WR,12,99.93169488024179,111.11092990638964,86.26993704947978,18,12,19,W4 vs ATL (110) | W5 vs MIN (106) | W6 @ NYG (106) | W7 vs PIT (94) | W9 vs CLE (106) | W10 vs CAR (86) | W11 @ CHI (96) | W12 @ CIN (98) | W13 vs GB (106) | W14 @ CAR (86) | W15 @ TB (93) | W16 vs ARI (111)
NYG,RB,12,93.80665734172578,117.37935857728044,78.37446298331503,6,24,32,W4 vs ARI (89) | W5 @ WAS (79) | W6 vs NO (115) | W7 @ HOU (78) | W9 @ PHI (95) | W10 vs WAS (79) | W11 vs JAX (90) | W12 @ IND (117) | W13 vs SF (104) | W14 @ SEA (89) | W15 vs CLE (91) | W16 @ DET (97)
NYG,WR,12,105.38610196027268,123.04086891288038,87.31367624514823,18,6,1,W4 vs ARI (111) | W5 @ WAS (123) | W6 vs NO (95) | W7 @ HOU (113) | W9 @ PHI (97) | W10 vs WAS (123) | W11 vs JAX (98) | W12 @ IND (105) | W13 vs SF (94) | W14 @ SEA (87) | W15 vs CLE (106) | W16 @ DET (112)
NYJ,RB,12,103.950860891864,120.17684084324111,89.32460785293236,10,6,7,W4 @ CHI (106) | W5 vs CLE (91) | W6 @ NE (100) | W7 vs MIA (120) | W8 vs LV (91) | W9 @ KC (96) | W10 vs BUF (116) | W11 @ LAC (99) | W12 @ MIA (120) | W14 vs DEN (119) | W15 @ ARI (89) | W16 vs NE (100)
NYJ,WR,12,97.35278928427759,111.11092990638964,85.43494569294499,9,15,27,W4 @ CHI (96) | W5 vs CLE (106) | W6 @ NE (102) | W7 vs MIA (88) | W8 vs LV (86) | W9 @ KC (85) | W10 vs BUF (111) | W11 @ LAC (102) | W12 @ MIA (88) | W14 vs DEN (93) | W15 @ ARI (111) | W16 vs NE (102)
PHI,RB,12,98.5229959702934,123.2141073034269,78.37446298331503,12,18,20,W4 vs LA (92) | W5 @ JAX (90) | W6 vs CAR (123) | W7 vs DAL (110) | W8 @ WAS (79) | W9 vs NYG (102) | W11 vs PIT (101) | W12 @ DAL (110) | W13 @ ARI (89) | W14 vs IND (117) | W15 vs SEA (89) | W16 vs HOU (78)
PHI,WR,12,101.18236080759321,123.04086891288038,86.26993704947978,16,12,10,W4 vs LA (98) | W5 @ JAX (98) | W6 vs CAR (86) | W7 vs DAL (96) | W8 @ WAS (123) | W9 vs NYG (106) | W11 vs PIT (94) | W12 @ DAL (96) | W13 @ ARI (111) | W14 vs IND (105) | W15 vs SEA (87) | W16 vs HOU (113)
PIT,RB,12,100.59388217271123,123.2141073034269,78.37446298331503,8,12,15,W4 @ CLE (91) | W5 vs IND (117) | W6 @ TB (93) | W7 @ NO (115) | W8 vs CLE (91) | W10 @ CIN (95) | W11 @ PHI (95) | W12 vs DEN (119) | W13 vs HOU (78) | W14 @ JAX (90) | W15 vs BAL (99) | W16 vs CAR (123)
PIT,WR,12,99.8751590071431,112.57216478032551,86.26993704947978,16,12,20,W4 @ CLE (106) | W5 vs IND (105) | W6 @ TB (93) | W7 @ NO (95) | W8 vs CLE (106) | W10 @ CIN (98) | W11 @ PHI (97) | W12 vs DEN (93) | W13 vs HOU (113) | W14 @ JAX (98) | W15 vs BAL (108) | W16 vs CAR (86)
SEA,RB,12,100.66656675658574,118.7381356778899,89.32460785293236,9,12,14,W4 vs LAC (99) | W5 vs SF (104) | W6 @ DEN (119) | W7 vs KC (96) | W8 vs CHI (106) | W9 vs ARI (89) | W10 @ LV (91) | W12 @ SF (104) | W13 vs DAL (110) | W14 vs NYG (102) | W15 @ PHI (95) | W16 vs LA (92)
SEA,WR,12,96.47439033671462,111.11092990638964,85.43494569294499,6,15,30,W4 vs LAC (102) | W5 vs SF (94) | W6 @ DEN (93) | W7 vs KC (85) | W8 vs CHI (96) | W9 vs ARI (111) | W10 @ LV (86) | W12 @ SF (94) | W13 vs DAL (96) | W14 vs NYG (106) | W15 @ PHI (97) | W16 vs LA (98)
SF,RB,12,93.92047157558197,118.7381356778899,79.41352782495754,4,14,31,W4 vs DEN (119) | W5 @ SEA (89) | W6 vs WAS (79) | W7 @ ATL (81) | W9 vs LV (91) | W10 @ DAL (110) | W11 vs MIN (80) | W12 vs SEA (89) | W13 @ NYG (102) | W14 vs LA (92) | W15 @ LAC (99) | W16 @ KC (96)
SF,WR,12,98.34512976070104,123.04086891288038,85.43494569294499,12,15,25,W4 vs DEN (93) | W5 @ SEA (87) | W6 vs WAS (123) | W7 @ ATL (110) | W9 vs LV (86) | W10 @ DAL (96) | W11 vs MIN (106) | W12 vs SEA (87) | W13 @ NYG (106) | W14 vs LA (98) | W15 @ LAC (102) | W16 @ KC (85)
TB,RB,12,104.9899257335065,123.53381956239384,80.69237686082525,12,4,3,W4 vs GB (124) | W5 @ DAL (110) | W6 vs PIT (101) | W7 @ CAR (123) | W8 vs ATL (81) | W9 @ CHI (106) | W11 @ DET (97) | W12 vs CAR (123) | W13 vs LAC (99) | W14 @ BAL (99) | W15 vs NO (115) | W16 @ ATL (81)
TB,WR,12,100.17523402589778,112.10248214227471,86.26993704947978,20,12,16,W4 vs GB (106) | W5 @ DAL (96) | W6 vs PIT (94) | W7 @ CAR (86) | W8 vs ATL (110) | W9 @ CHI (96) | W11 @ DET (112) | W12 vs CAR (86) | W13 vs LAC (102) | W14 @ BAL (108) | W15 vs NO (95) | W16 @ ATL (110)
TEN,RB,12,96.38492023845207,117.37935857728044,78.37446298331503,6,12,27,W4 @ BAL (99) | W5 vs HOU (78) | W6 @ IND (117) | W7 vs CLE (91) | W8 @ CIN (95) | W10 vs JAX (90) | W11 @ DAL (110) | W12 @ JAX (90) | W13 vs WAS (79) | W14 @ DET (97) | W15 vs IND (117) | W16 @ LV (91)
TEN,WR,12,104.01089402785477,123.04086891288038,85.64369353207867,20,4,2,W4 @ BAL (108) | W5 vs HOU (113) | W6 @ IND (105) | W7 vs CLE (106) | W8 @ CIN (98) | W10 vs JAX (98) | W11 @ DAL (96) | W12 @ JAX (98) | W13 vs WAS (123) | W14 @ DET (112) | W15 vs IND (105) | W16 @ LV (86)
WAS,RB,12,94.73915143037932,117.37935857728044,78.37446298331503,3,18,30,W4 vs IND (117) | W5 vs NYG (102) | W6 @ SF (104) | W8 vs PHI (95) | W9 vs LA (92) | W10 @ NYG (102) | W11 vs CIN (95) | W12 @ ARI (89) | W13 @ TEN (100) | W14 vs HOU (78) | W15 vs ATL (81) | W16 @ MIN (80)
WAS,WR,12,103.80483707883492,112.57216478032551,93.9414201376431,30,5,3,W4 vs IND (105) | W5 vs NYG (106) | W6 @ SF (94) | W8 vs PHI (97) | W9 vs LA (98) | W10 @ NYG (106) | W11 vs CIN (98) | W12 @ ARI (111) | W13 @ TEN (102) | W14 vs HOU (113) | W15 vs ATL (110) | W16 @ MIN (106)
