season,week,gameday,game_id,away_team,home_team,away_score,home_score,final_score,locked_at_utc,spread_pick,spread_pick_line,spread_edge,spread_status,spread_result,spread_odds,spread_profit_units,total_pick,total_line,total_edge,total_status,total_result,total_odds,total_profit_units,moneyline_pick,moneyline_price,moneyline_result,moneyline_profit_units,model_home_margin,model_total,model_away_score,model_home_score
2026,4,2026-10-01,2026_04_PIT_CLE,PIT,CLE,24.0,27.0,PIT 24 - CLE 27,2026-09-29T01:15:56+00:00,,,2.239411508867487,NO BET,L,,-1.0,,38.5,6.615783686498446,NO BET,L,,-1.0,,,L,-1.0,-0.2605884911325132,45.115783686498446,22.68818608881548,22.427597597682965
2026,4,2026-10-04,2026_04_ARI_NYG,ARI,NYG,24.0,36.0,ARI 24 - NYG 36,2026-09-29T01:15:56+00:00,,,6.539238508730644,NO BET,L,,-1.0,,44.5,-2.290613762177202,NO BET,L,,-1.0,,,L,-1.0,5.039238508730644,42.2093862378228,18.585073864546075,23.624312373276723
2026,4,2026-10-04,2026_04_DAL_HOU,DAL,HOU,34.0,30.0,DAL 34 - HOU 30,2026-09-29T01:15:56+00:00,,,-0.1291313417780699,NO BET,W,,,,47.5,-0.0668123631203911,NO BET,L,,-1.0,,,L,-1.0,2.37086865822193,47.43318763687961,22.53115948932884,24.90202814755077
2026,4,2026-10-04,2026_04_DEN_SF,DEN,SF,14.0,24.0,DEN 14 - SF 24,2026-09-29T01:15:56+00:00,,,5.679052941430872,NO BET,L,,-1.0,,46.5,0.4716550973849251,NO BET,W,,,,,L,-1.0,8.679052941430871,46.971655097384925,19.14630107797703,27.825354019407897
2026,4,2026-10-04,2026_04_DET_CAR,DET,CAR,26.0,32.0,DET 26 - CAR 32,2026-09-29T01:15:56+00:00,,,5.737718450840973,NO BET,L,,-1.0,,50.5,-3.04890759677366,NO BET,L,,-1.0,,,L,-1.0,2.237718450840973,47.45109240322634,22.606686976192684,24.844405427033657
2026,4,2026-10-04,2026_04_GB_TB,GB,TB,17.0,14.0,GB 17 - TB 14,2026-09-29T01:15:56+00:00,GB,-3.5,5.7841817875489365,CAUTION,L,-120.0,-1.0,,39.5,2.8162930418843075,NO BET,W,,,,,L,-1.0,2.2841817875489365,42.31629304188431,20.016055627167685,22.300237414716623
2026,4,2026-10-04,2026_04_IND_WAS,IND,WAS,30.0,13.0,IND 30 - WAS 13,2026-09-29T01:15:56+00:00,,,6.702718745179908,NO BET,W,,,,47.5,-3.3382995058351668,NO BET,W,,,,,L,-1.0,3.2027187451799075,44.16170049416483,20.479490874492463,23.68220961967237
2026,4,2026-10-04,2026_04_JAX_CIN,JAX,CIN,22.0,17.0,JAX 22 - CIN 17,2026-09-29T01:15:56+00:00,,,-3.487684877980837,NO BET,W,,,,51.5,-0.9167652025164584,NO BET,W,,,,,L,-1.0,-0.9876848779808372,50.58323479748354,25.78545983773219,24.79777495975135
2026,4,2026-10-04,2026_04_KC_LV,KC,LV,30.0,27.0,KC 30 - LV 27,2026-09-29T01:15:56+00:00,,,6.019609091511642,NO BET,L,,-1.0,,47.5,-8.565185663983492,NO BET,L,,-1.0,,,L,-1.0,1.5196090915116414,38.93481433601651,18.707602622252438,20.227211713764078
2026,4,2026-10-04,2026_04_LAC_SEA,LAC,SEA,23.0,30.0,LAC 23 - SEA 30,2026-09-29T01:15:56+00:00,,,6.43648901337086,NO BET,P,,0.0,,43.5,-2.5563480766611235,NO BET,L,,-1.0,,,L,-1.0,13.43648901337086,40.94365192333888,13.753581454984008,27.190070468354868
2026,4,2026-10-04,2026_04_LA_PHI,LA,PHI,24.0,20.0,LA 24 - PHI 20,2026-09-29T01:15:56+00:00,,,,NO LINE,,,,,,,NO LINE,,,,,,L,-1.0,3.55703369829463,45.1784589330458,20.810712617375582,24.367746315670217
2026,4,2026-10-04,2026_04_MIA_MIN,MIA,MIN,10.0,15.0,MIA 10 - MIN 15,2026-09-29T01:15:56+00:00,,,1.5276442864446285,NO BET,W,,,,38.5,0.7661627070925903,NO BET,W,,,,,L,-1.0,12.027644286444628,39.26616270709259,13.619259210323982,25.64690349676861
2026,4,2026-10-04,2026_04_NE_BUF,NE,BUF,29.0,26.0,NE 29 - BUF 26,2026-09-29T01:15:56+00:00,,,-5.622463732939904,NO BET,W,,,,48.5,5.036050244619887,NO BET,L,,-1.0,,,L,-1.0,1.3775362670600957,53.53605024461989,26.079256988779896,27.45679325583999
2026,4,2026-10-04,2026_04_NYJ_CHI,NYJ,CHI,12.0,23.0,NYJ 12 - CHI 23,2026-09-29T01:15:56+00:00,,,,NO LINE,,,,,,,NO LINE,,,,,,L,-1.0,10.374060045186653,42.34059928298574,15.983269618899543,26.3573296640862
2026,4,2026-10-04,2026_04_TEN_BAL,TEN,BAL,18.0,24.0,TEN 18 - BAL 24,2026-09-29T01:15:56+00:00,,,-1.7423781445894804,NO BET,W,,,,43.5,-1.9940757634681177,NO BET,W,,,,,L,-1.0,9.75762185541052,41.50592423653188,15.87415119056068,25.6317730459712
