season,week,gameday,game_id,away_team,home_team,home_pass_matchup,away_pass_matchup,home_run_matchup,away_run_matchup,home_proj_plays,away_proj_plays,home_proj_dropbacks,away_proj_dropbacks,home_proj_rushes,away_proj_rushes,home_pre_off_pass_epa_db,away_pre_off_pass_epa_db,home_pre_off_rush_epa_att,away_pre_off_rush_epa_att,home_pre_def_pass_epa_db_allowed,away_pre_def_pass_epa_db_allowed,home_pre_def_rush_epa_att_allowed,away_pre_def_rush_epa_att_allowed
2026,3,2026-09-24,2026_03_ATL_GB,ATL,GB,-0.3279399345493095,-0.08472760202580676,-2.5550221775311854,0.06669799357693096,59.1875,64.6875,36.49705110784546,31.797070070947473,22.690448892154542,32.89042992905252,0.005193741055333337,-0.0921934121491691,-0.18323039227796403,-0.07431547294641225,0.20452516411601107,0.04409527183471819,-0.015552808560386894,-0.12091033470297784
2026,3,2026-09-27,2026_03_LAC_BUF,LAC,BUF,0.8745014148049519,-1.6826249743234487,-0.23645097421892158,0.5302858744358333,62.625,60.625,32.00954260420997,33.830230494674325,30.615457395790028,26.79476950532567,0.23761693226806435,-0.11491572532200683,0.07017552252407028,-0.11941271752810861,-0.0641388451855085,-0.008965228139102822,0.061942847284586044,-0.17141852964309717
2026,3,2026-09-27,2026_03_CAR_CLE,CAR,CLE,-1.4902749460358322,-0.2569711109869851,0.79566939992468,0.4052074566241439,60.0,60.625,32.138187006836525,33.862406730945665,27.861812993163472,26.762593269054335,-0.15913254831579748,0.12452947886241057,-0.08728296715390851,-0.14175938626740356,-0.08423039483594258,0.023856623892729287,0.07260371262752219,0.05330335833784104
2026,3,2026-09-27,2026_03_NYJ_DET,NYJ,DET,2.769163472728661,-1.2926743665933886,-1.721254914208251,0.2881747865020403,63.75,64.1875,37.091107477441206,38.20303231170518,26.65889252255879,25.98446768829482,0.22110921618922907,-0.14761778861542502,-0.14929247779403834,-0.1567976757336168,0.046762111453013525,0.3610990180509618,0.07720876740357355,-0.08676436743211768
2026,3,2026-09-27,2026_03_HOU_IND,HOU,IND,-1.477828470228308,0.6722010451830824,-0.1754286681455013,-1.2699932392564959,60.625,64.375,34.970197018075446,35.426732088268096,25.654802981924554,28.9482679117319,-0.09210129413405987,0.017068309081879812,-0.03782397861196242,-0.18172082684824467,0.21503762182351374,-0.05329620780805669,-0.021820501706998445,-0.06786185335888728
2026,3,2026-09-27,2026_03_NE_JAX,NE,JAX,1.441632556971495,-0.6042751200851714,0.33681788829679854,1.0981426251503719,59.5625,59.6875,31.29828248504421,33.026690844365476,28.26421751495579,26.66080915563452,0.34935469918150575,0.1723892982899527,-0.04295669233046418,0.07362322592173724,-0.20520928997199728,-0.036498719212946125,-0.0702262469793013,-0.0231167870360739
2026,3,2026-09-27,2026_03_KC_MIA,KC,MIA,-0.9883302846492197,-0.09603182877844141,-1.7680942848432692,0.6205368270321039,59.75,58.0,31.342206743091946,32.09725509670978,28.407793256908054,25.90274490329022,0.005585898371078493,-0.17198580077958617,-0.13023929926600558,-0.029187211940325246,0.2970156808353054,-0.0785363433343548,-0.013528833273851654,-0.10785419953696243
2026,3,2026-09-27,2026_03_TEN_NYG,TEN,NYG,-0.02731251675549684,-1.311991212467289,0.2548566951026889,1.0361770972705493,60.0625,57.5625,31.117046864214483,31.52803239238529,28.945453135785517,26.03446760761471,-0.09030302406852914,-0.14790857914404623,0.007718768199551342,0.06200023711413133,0.043533341972193766,0.21290571501572417,-0.06443966821756625,-0.07587709041067367
2026,3,2026-09-27,2026_03_CIN_PIT,CIN,PIT,-0.1920422749813242,0.3556737952753992,0.34342308299741015,-0.1488214543750308,60.25,60.25,36.647062821774036,35.21471556203785,23.602937178225964,25.035284437962147,0.03824444481313932,0.1430601921922426,0.01230403834738543,-0.008182640126888033,0.0071385299620301094,0.03005865103866144,-0.0928940689216331,-0.0731465662067165
2026,3,2026-09-27,2026_03_SEA_WAS,SEA,WAS,-1.816239165250105,1.2116836601428056,-2.083880262792001,0.23230333140195747,58.875,62.875,30.65722181021,34.811038091884626,28.21777818979,28.063961908115377,-0.021460705743296143,0.14431799756572913,-0.04249241206219806,-0.09107109483191422,0.16400236417261138,-0.19963303984856215,0.012721255729692127,-0.2128049173468517
2026,3,2026-09-27,2026_03_ARI_SF,ARI,SF,4.227824936025465,-0.17356836459653668,1.177132655887586,0.9187315576733477,61.875,61.1875,31.966387517381946,37.40073476633938,29.908612482618054,23.786765233660617,0.4004295005478882,-0.0018830626734335915,0.02119940092882449,-0.03280938845201147,0.08104121145253797,0.4183825236167109,0.013098820129812387,-0.0160990411132605
2026,3,2026-09-27,2026_03_MIN_TB,MIN,TB,-3.1792490522086765,-0.455980765708555,-1.743139571453749,-0.7036450990888117,61.1875,56.5,33.496341951969164,29.786553851089163,27.69115804803084,26.713446148910837,-0.07397482708649139,-0.06507221124022158,-0.0287890362908721,-0.019350464301786156,0.10369834161496254,-0.3895311558079154,-0.12605817386711585,-0.19869822522388791
2026,3,2026-09-27,2026_03_BAL_DAL,BAL,DAL,1.4327129511183179,3.485571597341596,-0.4152585429135289,3.2138284176460243,63.5625,59.0625,38.26342762635344,27.231278958420653,25.29907237364656,31.831221041579344,0.19451963118347732,0.2523253961450817,-0.029253617809666,0.11384361174036356,0.4566265974358147,0.14538458240198826,0.05840065485169369,-0.09445225643498892
2026,3,2026-09-27,2026_03_LV_NO,LV,NO,0.6094049665307757,-1.520566633988354,-1.0490723788052307,-2.7672273695919074,65.1875,60.0625,36.912906357499935,34.02345672742721,28.27459364250007,26.03904327257279,0.15361987309388858,-0.10467856818250634,-0.062869148159739,-0.22476350131902512,-0.04629397600082815,0.041559814667308986,-0.09951195264537152,-0.11325964815656826
2026,3,2026-09-27,2026_03_LA_DEN,LA,DEN,-0.2465767101662262,0.22923657482435766,0.5586598898097187,1.698611808914202,60.5,65.625,35.97327951861528,39.29133035921234,24.52672048138472,26.333669640787658,0.05118020797345702,0.24143359734565173,-0.07884986736860075,-0.002994703377176243,-0.13285798017646472,0.0046368558908046476,0.04680306488940446,0.027059017553623117
2026,3,2026-09-28,2026_03_PHI_CHI,PHI,CHI,-0.7851242078531067,0.7007225712846714,2.6216634506974814,0.4403680982800136,64.75,60.75,33.51233535655416,33.52660764927236,31.237664643445843,27.223392350727643,0.12410173489852867,0.0888658834919465,0.11357476662986121,-0.025267657807317538,0.13520879635727642,-0.18142734002187402,-0.031200573550013756,0.012347858356520861
