season,week,gameday,game_id,away_team,home_team,independent_home_margin,model_home_margin,spread_line,spread_edge,spread_candidate_side,spread_pick,spread_probability,spread_probability_edge,spread_expected_value,spread_market_price,spread_status,independent_total,model_total,total_line,total_edge,total_candidate_side,total_pick,total_probability,total_probability_edge,total_expected_value,total_market_price,total_status,model_favorite,model_total_lean,home_games_in_window,away_games_in_window,home_score,away_score,away_moneyline,home_moneyline,away_spread_odds,home_spread_odds,over_odds,under_odds,spread_pick_line,moneyline_pick,moneyline_price,spread_odds,total_odds,model_home_score,model_away_score,max_edge
2026,4,2026-10-01,2026_04_PIT_CLE,PIT,CLE,-0.2605884911325064,-0.2605884911325064,-2.5,2.239411508867493,CLE,,0.6141754567602439,0.1141754567602438,0.2283509135204877,100.0,NO BET,45.115783686498446,45.115783686498446,38.5,6.615783686498446,UNDER,,0.5331786921469914,0.0093691683374675,0.0178865940988017,-110.0,NO BET,PIT,UNDER,8,8,,,-148.0,124.0,-120.0,100.0,-110.0,-110.0,,,,,,22.42759759768297,22.688186088815478,6.615783686498446
2026,4,2026-10-04,2026_04_IND_WAS,IND,WAS,3.202718745179913,3.202718745179913,-3.5,6.702718745179913,WAS,,0.5191713997008283,-0.0091304870916245,-0.0172827077091464,-112.0,NO BET,44.16170049416484,44.16170049416484,47.5,-3.33829950583516,OVER,,0.5067409257815133,0.0017904307320083,0.0035457549790753,-102.0,NO BET,WAS,OVER,8,8,,,-185.0,154.0,-108.0,-112.0,-102.0,-118.0,,,,,,23.682209619672378,20.479490874492463,6.702718745179913
2026,4,2026-10-04,2026_04_TEN_BAL,TEN,BAL,9.757621855410513,9.757621855410513,11.5,-1.7423781445894877,BAL,,0.5668417214170542,0.0476109521862849,0.0916951671735859,-108.0,NO BET,41.50592423653188,41.50592423653188,43.5,-1.9940757634681177,OVER,,0.5793755516458197,0.0555660278362958,0.1060805985965648,-110.0,NO BET,BAL,OVER,8,8,,,500.0,-700.0,-112.0,-108.0,-110.0,-110.0,,,,,,25.631773045971197,15.874151190560685,1.9940757634681177
2026,4,2026-10-04,2026_04_NE_BUF,NE,BUF,1.3775362670600844,1.3775362670600844,7.0,-5.622463732939916,NE,,0.5483192804793072,0.0134355595490747,0.0251186548091396,-115.0,NO BET,53.53605024461988,53.53605024461988,48.5,5.036050244619879,OVER,,0.5853450148065554,0.0615354909970315,0.1174768464488785,-110.0,NO BET,BUF,OVER,8,8,,,250.0,-310.0,-115.0,-105.0,-110.0,-110.0,,,,,,27.456793255839983,26.079256988779896,5.622463732939916
2026,4,2026-10-04,2026_04_NYJ_CHI,NYJ,CHI,10.37406004518665,10.37406004518665,,,NYJ,,0.5843689270434776,0.0605594032339538,0.1156134061739118,-110.0,NO LINE,42.34059928298574,42.34059928298574,,,UNDER,,0.5374294313986687,0.0136199075891448,0.0260016417610948,-110.0,NO LINE,CHI,UNDER,8,8,,,,,,,,,,,,,,26.357329664086194,15.983269618899547,
2026,4,2026-10-04,2026_04_JAX_CIN,JAX,CIN,-0.9876848779808366,-0.9876848779808366,2.5,-3.4876848779808367,CIN,,0.5277472329842285,-0.0135371706854962,-0.0250093492325269,-118.0,NO BET,50.583234797483534,50.583234797483534,51.5,-0.9167652025164656,UNDER,,0.630508233035542,0.0892238293658173,0.1648372440826115,-118.0,NO BET,JAX,UNDER,8,8,,,124.0,-148.0,-102.0,-118.0,-102.0,-118.0,,,,,,24.797774959751347,25.785459837732187,3.4876848779808367
2026,4,2026-10-04,2026_04_DAL_HOU,DAL,HOU,2.3708686582219203,2.3708686582219203,2.5,-0.1291313417780797,DAL,,0.5449474338077791,0.0399969387582741,0.0792096238154056,-102.0,NO BET,47.43318763687961,47.43318763687961,47.5,-0.0668123631203911,OVER,,0.556873488383334,0.0219897674531014,0.0411113043688416,-115.0,NO BET,HOU,OVER,8,8,,,120.0,-142.0,-102.0,-118.0,-115.0,-105.0,,,,,,24.902028147550766,22.531159489328843,0.1291313417780797
2026,4,2026-10-04,2026_04_ARI_NYG,ARI,NYG,5.039238508730644,5.039238508730644,-1.5,6.539238508730644,NYG,,0.5217354744679973,-0.0195489292017274,-0.0361158183557338,-118.0,NO BET,42.209386237822805,42.209386237822805,44.5,-2.2906137621771947,OVER,,0.5624844041581738,0.0432536349274045,0.0833032968972236,-108.0,NO BET,NYG,OVER,8,8,,,-115.0,-105.0,-102.0,-118.0,-108.0,-112.0,,,,,,23.624312373276723,18.585073864546082,6.539238508730644
2026,4,2026-10-04,2026_04_LA_PHI,LA,PHI,3.5570336982946227,3.5570336982946227,,,PHI,,0.5655889029474729,0.041779379137949,0.0797606328997209,-110.0,NO LINE,45.17845893304581,45.17845893304581,,,OVER,,0.5521959609164027,0.0283864371068788,0.0541922890222232,-110.0,NO LINE,PHI,OVER,8,8,,,,,,,,,,,,,,24.367746315670217,20.810712617375593,
2026,4,2026-10-04,2026_04_GB_TB,GB,TB,2.2841817875489374,2.2841817875489374,-3.5,5.784181787548937,GB,GB,0.6345599756700053,0.0891054302154599,0.1633599553950098,-120.0,CAUTION,42.31629304188432,42.31629304188432,39.5,2.8162930418843217,UNDER,,0.6032971212431336,0.0983466261936286,0.1947648871677744,-102.0,NO BET,TB,UNDER,8,8,,,-192.0,160.0,-120.0,100.0,-118.0,-102.0,-3.5,,,-120.0,,22.30023741471663,20.01605562716769,5.784181787548937
2026,4,2026-10-04,2026_04_MIA_MIN,MIA,MIN,12.02764428644462,12.02764428644462,10.5,1.5276442864446196,MIN,,0.5332514462931333,-0.0016322746370992,-0.0030516438867508,-115.0,NO BET,39.26616270709259,39.26616270709259,38.5,0.7661627070925903,OVER,,0.6425979116287824,0.1077141906985499,0.2013787043494628,-115.0,NO BET,MIN,OVER,8,8,,,490.0,-675.0,-105.0,-115.0,-115.0,-105.0,,,,,,25.646903496768605,13.619259210323985,1.5276442864446196
2026,4,2026-10-04,2026_04_KC_LV,KC,LV,1.5196090915116485,1.5196090915116485,-4.5,6.019609091511649,KC,,0.5743472608153795,0.0394635398851469,0.073779661524405,-115.0,NO BET,38.93481433601651,38.93481433601651,47.5,-8.565185663983492,OVER,,0.5536106524023253,0.0187269314720928,0.0350112197086951,-115.0,NO BET,LV,OVER,8,8,,,-230.0,190.0,-115.0,-105.0,-115.0,-105.0,,,,,,20.227211713764078,18.70760262225243,8.565185663983492
2026,4,2026-10-04,2026_04_LAC_SEA,LAC,SEA,13.436489013370853,13.436489013370853,7.0,6.436489013370853,SEA,,0.5169227249896872,-0.0113791618027656,-0.0215391276980921,-112.0,NO BET,40.94365192333888,40.94365192333888,42.5,-1.5563480766611235,OVER,,0.5782592742820912,0.0369748706123664,0.0683095067245413,-118.0,NO BET,SEA,OVER,8,8,,,280.0,-355.0,-108.0,-112.0,-118.0,-102.0,,,,,,27.190070468354865,13.753581454984012,6.436489013370853
2026,4,2026-10-04,2026_04_DEN_SF,DEN,SF,8.679052941430864,8.679052941430864,3.0,5.679052941430864,SF,,0.6414170655479553,0.1292219435967357,0.2522904613079126,-105.0,NO BET,46.971655097384925,46.971655097384925,46.5,0.4716550973849251,OVER,,0.6470106842918124,0.1187087974993595,0.2246987952666449,-112.0,NO BET,SF,OVER,8,8,,,130.0,-155.0,-115.0,-105.0,-112.0,-108.0,,,,,,27.825354019407897,19.14630107797703,5.679052941430864
2026,4,2026-10-04,2026_04_DET_CAR,DET,CAR,2.2377184508409664,2.2377184508409664,-3.5,5.737718450840966,CAR,,0.5555598174846486,0.0363290482538792,0.0699670558963602,-108.0,NO BET,47.45109240322635,47.45109240322635,50.5,-3.0489075967736525,UNDER,,0.5525913586665216,0.0333605894357523,0.0642500240984861,-108.0,NO BET,CAR,UNDER,8,8,,,-185.0,154.0,-112.0,-108.0,-112.0,-108.0,,,,,,24.844405427033657,22.60668697619269,5.737718450840966
2026,4,2026-10-05,2026_04_ATL_NO,ATL,NO,4.392916318040181,4.392916318040181,3.0,1.3929163180401811,ATL,,0.5597746611582248,0.0184902574885,0.034159967224517,-118.0,NO BET,44.07507167392845,44.07507167392845,48.5,-4.424928326071552,OVER,,0.5381657835839724,0.0098638967915195,0.0186709474982334,-112.0,NO BET,NO,OVER,8,8,,,130.0,-155.0,-118.0,-102.0,-112.0,-108.0,,,,,,24.233993995984314,19.841077677944135,4.424928326071552
