season,week,gameday,game_id,away_team,home_team,independent_home_margin,model_home_margin,spread_line,spread_edge,spread_candidate_side,spread_pick,spread_probability,spread_probability_edge,spread_expected_value,spread_market_price,spread_status,independent_total,model_total,total_line,total_edge,total_candidate_side,total_pick,total_probability,total_probability_edge,total_expected_value,total_market_price,total_status,model_favorite,model_total_lean,home_games_in_window,away_games_in_window
2026,5,2026-10-08,2026_05_TB_DAL,TB,DAL,1.2852576617018383,1.2852576617018383,8.5,-7.214742338298162,DAL,,0.6002648169146566,0.07196293012220378,0.1362155463027429,-112.0,NO BET,45.04309243849552,45.04309243849552,47.5,-2.4569075615044795,OVER,,0.5406059552471967,0.00572223431696417,0.010698090244758984,-115.0,NO BET,DAL,OVER,8,8
2026,5,2026-10-11,2026_05_PHI_JAX,PHI,JAX,8.634281253577603,8.634281253577603,7.0,1.634281253577603,JAX,,0.5757213809602424,0.047419494167789566,0.08975832824617314,-112.0,NO BET,44.980111917595465,44.980111917595465,42.5,2.4801119175954653,OVER,,0.5828006665034053,0.054498779710952516,0.10315840445287439,-112.0,NO BET,JAX,OVER,8,8
2026,5,2026-10-11,2026_05_CIN_MIA,CIN,MIA,-9.55492476003364,-9.55492476003364,-7.0,-2.5549247600336393,MIA,,0.5694735498133255,0.05024278058255627,0.09676387371455286,-108.0,NO BET,42.15881916439956,42.15881916439956,42.5,-0.34118083560044,UNDER,,0.5695454059821967,0.04573588217267288,0.0873139568751028,-110.0,NO BET,CIN,UNDER,8,8
2026,5,2026-10-11,2026_05_LV_NE,LV,NE,10.865807679587355,10.865807679587355,3.5,7.3658076795873555,LV,,0.5437697470295364,0.019960223220012563,0.03810588069275128,-110.0,NO BET,40.435132819089304,40.435132819089304,45.5,-5.064867180910696,OVER,,0.49363828524854514,-0.018556836702674384,-0.036230014514745223,-105.0,NO BET,NE,OVER,8,8
2026,5,2026-10-11,2026_05_MIN_NO,MIN,NO,2.069747146176464,2.069747146176464,-1.5,3.569747146176464,MIN,MIN,0.6222613683040705,0.08737764737383802,0.1633582103076101,-115.0,VALIDATED,43.804837019789176,43.804837019789176,42.5,1.3048370197891757,UNDER,,0.6348180272850644,0.11100850347554059,0.21192532481694115,-110.0,NO BET,NO,UNDER,8,8
2026,5,2026-10-11,2026_05_CLE_NYJ,CLE,NYJ,0.07296013938088108,0.07296013938088108,2.5,-2.427039860619119,NYJ,,0.5335212590934699,0.01429048986270065,0.027522424920756905,-108.0,NO BET,40.18857956713302,40.18857956713302,39.5,0.6885795671330186,UNDER,,0.5601577795886011,0.05520728453909618,0.10933207330291594,-102.0,NO BET,NYJ,UNDER,8,8
2026,5,2026-10-11,2026_05_IND_PIT,IND,PIT,6.763875160383792,6.763875160383792,2.5,4.263875160383792,IND,IND,0.566716948952295,0.05452182700107544,0.10644737652590919,-105.0,VALIDATED,42.037437383768996,42.037437383768996,44.5,-2.462562616231004,UNDER,,0.6125502516978854,0.09331948246711608,0.1797264106774088,-108.0,NO BET,PIT,UNDER,8,8
2026,5,2026-10-11,2026_05_HOU_TEN,HOU,TEN,-0.9260538967514761,-0.9260538967514761,-7.5,6.573946103248524,TEN,,0.6479872685439817,0.11310354761374919,0.21145445858222667,-115.0,NO BET,43.14737283659824,43.14737283659824,38.5,4.647372836598237,UNDER,,0.5538952211872614,0.030085697377737586,0.05743633135749904,-110.0,NO BET,HOU,UNDER,8,8
2026,5,2026-10-11,2026_05_NYG_WAS,NYG,WAS,4.36552100995436,4.36552100995436,3.5,0.8655210099543602,WAS,,0.5307057407534745,0.01851061880225502,0.03613977956630743,-105.0,NO BET,43.61407738623724,43.61407738623724,43.5,0.11407738623724129,UNDER,,0.5150046057470362,-0.013297281045416609,-0.025169853407395693,-112.0,NO BET,WAS,UNDER,8,8
2026,5,2026-10-11,2026_05_DEN_LAC,DEN,LAC,-0.012148818898905844,-0.012148818898905844,-3.5,3.487851181101094,DEN,,0.5070890945087175,-0.016720429300806305,-0.03192081957426657,-110.0,NO BET,39.65810844301981,39.65810844301981,42.5,-2.841891556980187,UNDER,,0.5550566818858735,0.0312471580763497,0.059653665418485824,-110.0,NO BET,DEN,UNDER,8,8
2026,5,2026-10-11,2026_05_DET_ARI,DET,ARI,-3.5358584440249365,-3.5358584440249365,-4.5,0.9641415559750635,ARI,,0.5318036137069587,-0.003080107223273787,-0.005758461330468478,-115.0,NO BET,46.698118790924184,46.698118790924184,54.5,-7.801881209075816,UNDER,,0.5875537435028277,0.06832297427205847,0.13158498748692748,-108.0,NO BET,DET,UNDER,8,8
2026,5,2026-10-11,2026_05_CHI_GB,CHI,GB,-6.660790944576628,-6.660790944576628,-3.0,-3.660790944576628,CHI,,0.48802482752798304,-0.016925667521521914,-0.033519459209288505,-102.0,NO BET,45.44380669031449,45.44380669031449,45.5,-0.056193309685511394,UNDER,,0.5089000883246011,-0.019401798467851727,-0.0367248328141479,-112.0,NO BET,CHI,UNDER,8,8
2026,5,2026-10-11,2026_05_SF_SEA,SF,SEA,1.0997222783321698,1.0997222783321698,2.5,-1.4002777216678302,SF,SF,0.6892377685108577,0.18923776851085772,0.37847553702171544,100.0,VALIDATED,48.28729907467546,48.28729907467546,46.5,1.7872990746754596,OVER,,0.5628431185326749,0.02795939760244237,0.052271917256739964,-115.0,NO BET,SEA,OVER,8,8
2026,5,2026-10-11,2026_05_BAL_ATL,BAL,ATL,-6.998500662773191,-6.998500662773191,3.5,-10.498500662773191,BAL,BAL,0.6221050481481163,0.08722132721788378,0.1630659595812609,-115.0,VALIDATED,46.842805084233184,46.842805084233184,43.5,3.3428050842331842,UNDER,,0.5940811427528166,0.08188602080159713,0.1598727072793087,-105.0,NO BET,BAL,UNDER,8,8
2026,5,2026-10-12,2026_05_BUF_LA,BUF,LA,-3.412422247905664,-3.412422247905664,2.5,-5.912422247905663,BUF,BUF,0.6030047250753074,0.10300472507530745,0.2060094501506149,100.0,VALIDATED,51.59424215375651,51.59424215375651,54.5,-2.905757846243489,UNDER,,0.5614243190694017,0.04922919711818219,0.09611414675454621,-105.0,NO BET,BUF,UNDER,8,8
