season,team,games,raw_off_epa_per_play,adj_off_epa_per_play,raw_off_epa_per_pass,adj_off_epa_per_pass,raw_off_epa_per_rush,adj_off_epa_per_rush,raw_def_epa_per_play_allowed,adj_def_epa_per_play_allowed,raw_def_epa_per_pass_allowed,adj_def_epa_per_pass_allowed,raw_def_epa_per_rush_allowed,adj_def_epa_per_rush_allowed,off_epa_play_rank,off_epa_pass_rank,off_epa_rush_rank,def_epa_play_rank,def_epa_pass_rank,def_epa_rush_rank
2026,SF,4,0.2784525563413368,0.18555648313471665,0.5273077304776652,0.3362066641296374,0.03392529827694449,0.010867101575352582,0.03451230273201863,0.038251821689246165,0.09154474580695267,0.10848368328082988,-0.04597273375690698,-0.05349826231829556,1,1,4,26,25,18
2026,DAL,4,0.1863250279392336,0.12166428230074146,0.3117705173979983,0.2198904461502988,-0.021861103502971595,-0.024720359944540783,0.20562908588734904,0.14707363709572535,0.46123901094654757,0.3124093258472611,-0.03578028777967177,-0.02923266532131552,2,2,8,32,32,22
2026,BUF,4,0.19325270649003412,0.11981182283917158,0.2651858174161819,0.18425039285880218,0.10954872286688029,0.04887676048588365,0.10526145544589088,0.08925221789657689,0.1575141591186601,0.14497865745180172,0.033925155649153806,0.012871568261222509,3,6,2,31,27,31
2026,JAX,4,0.17381960614195566,0.11770580508400633,0.2834624820286356,0.2195839395190323,0.06514702119232602,0.0016187043339401866,-0.05446412782019664,-0.029110118205520986,-0.02468240550821945,0.004965101182368231,-0.10290033553637934,-0.08267572376769607,4,3,5,5,7,14
2026,KC,4,0.15247807297447752,0.105484474179566,0.1924273601083334,0.15144588403133474,0.10711193334789541,0.04174816185315814,-0.04935955107786904,-0.008389087462838016,-0.018304697164369985,0.036396646635574854,-0.09444881012535326,-0.08881491814587605,5,9,3,12,11,12
2026,DET,4,0.1566290128524384,0.09345393146072171,0.28929889188423635,0.209642302932987,-0.07215883976362127,-0.08075985463214505,0.15780631060302702,0.08588759259110103,0.25248020714387104,0.16257250881492308,1.6483034953664713e-05,-0.03195493664729791,6,4,21,30,29,21
2026,CHI,4,0.09282642709693846,0.0844178991979931,0.21483084661755739,0.19077255961478262,-0.01383152455945164,-0.02762505958484944,-0.014034777221042941,0.010974796369468793,-0.05255561121523028,0.000758895839426954,0.03655282404843202,0.022168640645853353,7,5,11,16,6,32
2026,BAL,4,0.16497912395111655,0.0744638036318439,0.3356173119377711,0.17953083679347215,0.014495052655799123,-0.02904092559653764,0.04044518523186376,0.02058725387794822,0.10529540172262646,0.10253468306169398,-0.049589581352399,-0.082741645767103,8,8,12,18,24,13
2026,CAR,4,0.11255741168358953,0.06648845918304233,0.23595597967543133,0.1801489139354886,-0.1121578752910277,-0.10048630138027846,0.04549598438188506,0.02486920223271511,0.052481010965191414,0.03304571237950616,0.03634319092789742,0.0034062470593549596,9,7,23,20,9,30
2026,CIN,4,0.041670726162702815,0.04318792097632787,0.11365323542550353,0.1117781876803748,-0.10229429236289862,-0.0668500289623753,-0.02721342726246114,0.00437117117565871,0.01764523703306754,0.07216751596132141,-0.10622584732844916,-0.0944349902269852,10,13,18,15,22,10
2026,LA,4,0.023220725560276892,0.0203027857018364,0.07961589942509993,0.0960989462767763,-0.06862284330529206,-0.07768839840803969,-0.12339104757581411,-0.08054360148273114,-0.16423068773246086,-0.08816521475527683,-0.07025986523609887,-0.07286675509732896,11,14,20,2,2,15
2026,CLE,4,0.0014577470451236439,0.010907085139843033,0.12704473652495535,0.11574841650461282,-0.15491036730721583,-0.12181001455272969,0.015925726274398894,0.012056209347757231,0.01254904335580513,0.03538719640878256,0.021280667872572833,-0.021865569613042632,12,12,29,17,10,25
2026,NO,3,0.02555835508013581,0.009142662698338992,0.04432790209547949,0.02848706416569881,-0.00775759087209923,-0.024110432486524322,0.08242279149798104,0.025772723702207366,0.16502986434993216,0.06030718326204215,-0.028391574522928995,-0.02267386117355083,13,18,7,21,19,23
2026,SEA,4,0.0014571561000698355,0.006350191814947281,0.16361214793265091,0.11847531670928498,-0.17648283493745273,-0.11518197405360722,-0.14196519470557953,-0.050744828605729105,-0.12931782245289578,-0.00042043631780439017,-0.15720979518872508,-0.11391902567562062,14,11,27,3,5,4
2026,DEN,4,-0.029819899281003627,0.005315780468423886,-0.016468702828761433,0.04201327172197225,-0.050588427095602594,-0.044822582271995204,0.048417101236081846,-0.022173247685984693,0.009319507125161816,-0.04359610231491744,0.09696328059047422,0.002970824056154321,15,17,15,8,3,29
2026,LV,4,-0.015454067226145654,-0.0020019230370961847,0.1686264556545534,0.12414331637092393,-0.24594144461458392,-0.15939870725009486,-0.07389257782095257,-0.029966416994004673,-0.05754566566528588,0.018894854485969392,-0.09558367279674108,-0.09234211986191235,16,10,31,4,8,11
2026,ARI,4,-0.038799954639986596,-0.010590354654008151,-0.04503037845910501,-0.0026342793598852082,-0.02927459514729592,-0.026804932899129733,0.06085395514097682,0.04308560978270312,0.3187642148717633,0.20016848242129084,-0.20857015547064833,-0.1361906442218574,17,20,10,27,31,1
2026,GB,4,-0.08888103532032783,-0.01599405229600765,0.028454223000852947,0.08072196730095442,-0.34926886885500297,-0.18639983733326806,0.040561017465439685,0.07802767016960824,0.07866728890749108,0.13208405584791932,0.00417382593806728,-0.0032870633145904993,18,16,32,29,26,28
2026,NE,4,-0.03275175782726645,-0.01612854484185778,-0.06594629180704152,-0.009745838405727,0.004038850666984217,-0.021646845795593284,0.0019649393296589804,-0.015015139708438657,-0.03822871839271832,-0.02349111186651666,0.058659151274906965,-0.006867305610833603,19,23,6,10,4,27
2026,IND,4,-0.04348080142614492,-0.01933995886111224,-0.1710918529330046,-0.081324463707807,0.11462138628146884,0.06609817161912296,0.058732811113737286,0.02678027477588301,0.07740512655443944,0.05857587252908239,0.03389349240821606,-0.012198112352396387,20,29,1,22,17,26
2026,NYJ,4,0.006856140502953993,-0.02172681373610908,0.1555256309201372,0.08114947164953729,-0.18686471064670895,-0.1538248387203773,-0.021004679735296558,-0.028834591323034335,0.07023511965134248,0.03937354178236879,-0.1279754790161837,-0.09708044722201703,21,15,30,6,13,9
2026,TEN,4,-0.07049262268679442,-0.03283009601682513,-0.10814670101239798,-0.03542854976815285,-0.01819529167901172,-0.033400903757293515,0.04748812841182418,0.048384751059197574,0.2033937303400932,0.15175756826804132,-0.09212882853886452,-0.058069699054362225,22,25,13,28,28,17
2026,WAS,4,-0.03285916772631256,-0.034023020069316505,0.029332959215496415,0.0146113774968668,-0.1077005408257776,-0.09682897090075908,0.031203265472369648,0.02177152894342553,0.056134353147054394,0.06009725559597309,-0.006723814713586926,-0.047732502790438294,23,19,22,19,18,19
2026,PHI,4,-0.09091617011334986,-0.04417990529648397,-0.1152604987686298,-0.027245520282622726,-0.06089937652868432,-0.06804697039059104,0.044986727463617295,0.0316331824933432,0.0850179799821364,0.0684631837863483,-0.002322934603723453,-0.02250930718961374,24,24,19,25,21,24
2026,HOU,4,-0.02715480824716254,-0.04427624939731416,0.023923030840118646,-0.008769635355683522,-0.12022998169509713,-0.11383059639912022,0.0352948030746021,-0.006334459006147463,0.10932577808502483,0.06400138749756965,-0.07945320819155313,-0.11135623821023588,25,22,26,13,20,5
2026,PIT,4,-0.0994970709864918,-0.048272992156757594,-0.12238959693179466,-0.035615079083898396,-0.05477678774450472,-0.052898874052055025,0.016854591459441137,0.0299383539842044,0.054897164800196505,0.07726913909886422,-0.028503861369921054,-0.03947529128154463,26,26,16,24,23,20
2026,MIA,4,-0.12275452467928237,-0.04976327151988654,-0.15346407821151442,-0.037802824526762466,-0.08628692985975679,-0.06100413172861913,0.06274582450742791,0.027341862761059994,0.30754766480620294,0.17773068687382854,-0.17593596978387774,-0.12703862700772772,27,27,17,23,30,3
2026,NYG,4,-0.05843044720435927,-0.051962157580911696,0.016869922367347998,-0.006839374631769868,-0.13626192163561973,-0.10057636738545547,-0.002946642886879885,-0.0032621702325666777,0.03139703134618106,0.043151108942311014,-0.05427751082661612,-0.06462205147247432,28,21,24,14,14,16
2026,TB,4,-0.14241768424302567,-0.07403248250229605,-0.24386606302079236,-0.1023732494114058,0.006094375411024529,-0.025835322165085266,-0.07110652350563437,-0.02637718587689058,0.019718743050377494,0.036656628375569086,-0.19158901995748687,-0.09926756210796316,29,31,9,7,12,7
2026,MIN,4,-0.11960650797635153,-0.07602329986614971,-0.09533510241879306,-0.04839186463755103,-0.1453425673175558,-0.11918997577052487,-0.18423103812010155,-0.09581919578782631,-0.206411284424069,-0.09055533810254701,-0.1484014094752311,-0.1031544757385239,30,28,28,1,1,6
2026,LAC,4,-0.15916777641367236,-0.09266706862497069,-0.16015101150332048,-0.08538862679937351,-0.1580192186098356,-0.10690273224272959,-0.02435884977952351,-0.02092577526776769,0.07574173977192394,0.050943039233191406,-0.12057957151889935,-0.09820063809080797,31,30,25,9,16,8
2026,ATL,3,-0.14974945949761795,-0.0958744127862859,-0.36400187279571605,-0.15297673375598347,0.027420805345040107,-0.03415232324139243,-0.04706408521833763,-0.013997257740217988,0.03673001603670503,0.043217524609417884,-0.2646064634766215,-0.131976202779428,32,32,14,11,15,2
