team,games_in_window,pre_off_pass_epa_db,pre_off_rush_epa_att,pre_off_pass_yd_db,pre_off_rush_yd_att,pre_off_completion_rate,pre_off_cpoe,pre_off_sack_rate,pre_off_pass_fd_rate,pre_off_rush_fd_rate,pre_off_turnover_rate,pre_off_pass_rate,pre_off_plays,pre_points_for,pre_points_against,pre_margin,pre_def_pass_epa_db_allowed,pre_def_rush_epa_att_allowed,pre_def_pass_yd_db_allowed,pre_def_rush_yd_att_allowed,pre_def_completion_rate_allowed,pre_def_cpoe_allowed,pre_def_sack_rate_allowed,pre_def_pass_fd_rate_allowed,pre_def_rush_fd_rate_allowed,pre_def_turnover_rate_forced,pre_def_pass_rate_faced,pre_def_plays_faced,z_pre_off_pass_epa_db,z_pre_off_rush_epa_att,z_pre_off_pass_yd_db,z_pre_off_rush_yd_att,z_pre_def_pass_epa_db_allowed,z_pre_def_rush_epa_att_allowed,z_pre_def_pass_yd_db_allowed,z_pre_def_rush_yd_att_allowed,z_pre_off_pass_rate,z_pre_off_plays,z_pre_def_plays_faced
ARI,8,-0.054496184156916865,-0.016897064097500098,5.563776157165117,4.1712204000886866,0.6431360521834313,0.08386858630014271,0.06846929598855145,0.28741898042283154,0.24708115130110014,0.017545206393811373,0.6440295845466961,61.125,20.0,32.125,-12.125,0.37095700328721865,-0.10036120248537686,7.892248430205748,4.198019791480521,0.6587830950977502,1.7414626989048092,0.052584198773223165,0.3951658154402057,0.2551549222876362,0.016339830943957905,0.517252075986918,63.875,-0.7476711130226938,0.40148947233158844,-1.322166616927071,-0.08529299190207498,1.7856244726217316,-0.6297197549499506,1.357875074878199,-0.03678536138142959,1.6785558642440943,-0.03174731613154837,0.8583902568554502
ATL,8,0.033187883595511294,-0.004150191332502835,6.945376984126984,4.8158732067068275,0.6340340909090909,-3.001067016399526,0.05603632478632478,0.3339331501831502,0.2542318147637532,0.021082100377290747,0.484350947638565,62.375,24.625,22.5,2.125,0.006540530234941402,-0.1525406724500617,6.330753093163383,3.7520322847124907,0.5860749270717022,-1.9171821374359095,0.06527596855693402,0.28367772117690015,0.2159350549653753,0.016147662278720724,0.6734687494696738,62.375,-0.16224704887891228,0.5482167194885168,0.29992967529176917,1.1831059332515501,-0.2902207392587348,-1.3060295909923276,-0.4056261872230675,-1.0280709389566898,-1.4210432114277667,0.2959669149037896,0.3686103777581354
BAL,8,0.31804175173361066,0.08058252312498594,8.889205803289059,5.384732545864001,0.7222875726115437,8.54225120929078,0.08936509191490216,0.3744268182183268,0.30160961635328565,0.012229249338624338,0.42402685466673773,56.875,28.625,21.75,6.875,0.10817347811480696,-0.14072759638472015,6.968386705619937,3.925844433866526,0.6802909658555072,5.089589367772322,0.05837246136952147,0.31841944865954014,0.26822440966545386,0.01723773468277578,0.6103037887811126,63.125,1.739584303691578,1.5235616661032767,2.5821210714886935,2.3023759758901194,0.2887165037770669,-1.152917657461488,0.3144961555404928,-0.6417429049892011,-2.592023290145472,-1.1459757016516976,0.6135003173067929
BUF,8,0.1878412094788446,0.09560783480733129,7.579420692586874,4.7945642065429555,0.6716355872285706,5.637025808991375,0.07184650619778703,0.36509269611879536,0.2988266076327423,0.011963651518446038,0.4998398748532813,62.5,29.0,22.375,6.625,-0.05548814477474302,0.08090955219871246,5.635218445130121,4.636802773839063,0.6010118427082352,-1.4833346309159494,0.06697080310652617,0.29072956559945173,0.26298471383104977,0.015159670460650013,0.5457573219684717,60.875,0.87029832558527,1.6965156652111388,1.0443414681386893,1.141179003551601,-0.6435580265104872,1.7197712318815954,-1.1911400472676843,0.9384868951208523,-1.120380170914057,0.32873833800732344,-0.12116950133917946
CAR,8,0.10183138375604188,-0.15554216648841235,6.4469195993634845,3.9851150602553123,0.6304291757085804,5.0034436669013935,0.050672941609474116,0.31150068906841355,0.23295070112215976,0.013615051345466091,0.6086423549125162,59.875,23.125,24.0,-0.875,0.06755762374075744,-0.012129459383344022,6.331537158217433,4.507097295066045,0.6579911820891382,-0.6508192249646221,0.07700565650140401,0.341524649163716,0.23415319055944056,0.017059356718642258,0.5186049132341357,65.5,0.29605236481268515,-1.1944324906984856,-0.28529426195207325,-0.45146810288678424,0.057354221708358084,0.5138716949335971,-0.4047406900463645,0.6501936840128957,0.9916372733257706,-0.3594615471668864,1.3889851258775414
CHI,8,0.19955978724888285,0.023872765101863945,7.221771847696895,4.802616305438885,0.6380010076130767,3.041435429075259,0.04022970230275733,0.3458613966678483,0.2570681558584784,0.008784263489319669,0.5308937338334399,67.25,27.375,18.125,9.25,-0.01895787938530588,0.023079004106420036,6.953186625820897,4.70839883335046,0.6120912530452005,-0.4693898380380599,0.08956644112494497,0.3199713330148113,0.24618110468536164,0.01939176723079989,0.5581375811305991,57.25,0.9485375952721029,0.8707845626464032,0.6244366346361557,1.1570220643123337,-0.4354687053493456,0.9702165023105643,0.29732968742895827,1.0976217142084679,-0.5175787288756806,1.5740524159416078,-1.3048042091576904
CIN,8,0.13193235875416573,-0.033313966061406734,7.045182540858087,3.795166421673168,0.7201150195101809,6.992065629264304,0.06037146689425252,0.36296117188687793,0.24441204153722895,0.013152462756335996,0.620307602713587,65.125,24.625,20.5,4.125,0.0056948935588698735,-0.060978494256603025,7.041066992515163,4.815502899877901,0.6374344978884621,0.8262649062453487,0.1196521325332301,0.32469431539553495,0.24256754215993348,0.019169373510767432,0.5887183816464938,55.875,0.49702200011571923,0.2125170964070604,0.41710840040325,-0.8252051696280466,-0.29503778506983835,-0.11927162346963154,0.3965788711458969,1.3356793163545648,1.2180770275834742,1.0169382231815334,-1.753769098330229
CLE,8,-0.14321040517949737,-0.08117966073431856,5.954716660654161,3.8423367587752226,0.6528769208818297,0.0888060244961415,0.10945361351611352,0.27227949134199136,0.20191997995381583,0.02458980319795412,0.5611920619463102,56.375,17.125,21.625,-4.5,-0.03963762558831056,0.077189846089728,6.4160206737003325,4.952126359816503,0.6265869384631162,1.967360494595318,0.07278195658335775,0.3239000988878054,0.29006885462771004,0.009505507615386648,0.5717520204112945,62.625,-1.339973011755609,-0.338457385106242,-0.8631750407695623,-0.7323942731809285,-0.5532678591001485,1.6715592851064418,-0.30932779789963427,1.639348955840699,0.07055673890819773,-1.2770613940658329,0.4502403576076879
DAL,8,0.21771233767231365,-0.028029821595048687,6.935952400767712,4.148348431303829,0.6553424521001827,1.228641987243753,0.04591677731655752,0.3578772564109953,0.2616739465764953,0.009265618640618641,0.5759561846857394,64.5,26.5,29.625,-3.125,0.4705700307419768,0.0034748111152853797,8.505812817154585,4.934382442400535,0.7018262110304294,9.095963626482703,0.03915378721830335,0.4367617665970002,0.25073497914780807,0.0042420814479638014,0.5041227202632786,58.625,1.069733385064434,0.27334205209793955,0.28886455327935695,-0.13029517032281615,2.353055533986549,0.7161221514758245,2.0508144292883923,1.5999099824228098,0.35715024998989364,0.8530811076638642,-0.8558393199851517
DEN,8,0.04724555410332476,-0.09425448481645522,6.237271444195958,3.8977881005774746,0.6221474774139815,-1.9145486272402248,0.04352424196174196,0.29917775371107913,0.2282833703496061,0.017050920486812615,0.5902762004427924,61.125,20.875,21.25,-0.375,-0.09455846420832109,0.06420327580679752,5.655602398576912,4.654753391631252,0.5756117206548241,-1.4621370647366256,0.06497606400233596,0.24745543281604176,0.28722005042800236,0.014778621776374266,0.5882843652168326,63.875,-0.06839078956034939,-0.4889596282839581,-0.5314359032505775,-0.6232899279919606,-0.8661163945324472,1.503237429312471,-1.1681190834663344,0.9783852964346316,0.6351229861280722,-0.03174731613154837,0.8583902568554502
DET,8,0.20661227155645415,-0.18703951465041257,7.025540132471393,3.408564814814815,0.6563055416984042,-0.39329861018239143,0.061012017766391556,0.3676813020805807,0.21668771043771046,0.013454861111111112,0.6494728295480616,66.75,25.75,29.5,-3.75,0.10266819289671897,0.060631655684037736,6.649415599289252,5.015310018340871,0.6592490425157538,2.1279097796420685,0.09500924120625845,0.3387111769426623,0.2907042150395145,0.010625085800892626,0.5982526627047406,66.25,0.9956236182119351,-1.5569935104683117,0.39404683501292814,-1.585870534872111,0.25735645063708484,1.4569448582828275,-0.045739277280872744,1.7797857359817717,1.7842173196621725,1.4429667235274728,1.6338750654261989
GB,8,-0.004605301380189806,-0.2326173297659912,6.569044602360294,3.7986980095068326,0.6158934046055875,-1.9916537508925984,0.08583203747274147,0.29380001598783195,0.20714985994397758,0.024196711248950054,0.5870961480476405,57.75,17.75,27.25,-9.5,0.18713215734884686,-0.03722833188745785,6.853471408765526,4.3664215757799925,0.6774942201944157,4.045163226211239,0.051028138528138534,0.32991561270973035,0.266561800828954,0.011917682300622874,0.47842081022793115,65.375,-0.41457384566805816,-2.0816325703089413,-0.14191094118209577,-0.8182565266277856,0.7384930872875337,0.18855956816047734,0.18471461458415397,0.3375171862924749,0.5733934545172045,-0.916575739926961,1.3481701359527651
HOU,8,0.07388174644037124,-0.1812901350801933,7.222267233528666,3.6235692277923315,0.6260473597109973,0.09379131827774767,0.041722099039172206,0.3119017098247281,0.22548692599969689,0.007456915598762704,0.5694123943499751,63.0,25.625,24.5,1.125,0.05205539133025397,-0.08124408198778915,7.170065462152156,3.5673402359938127,0.671008480374828,1.7032528081161908,0.08647769922971536,0.31779999990685476,0.20554112807093172,0.0156492017588064,0.5967611518018832,61.75,0.10944616954716625,-1.4908133066841296,0.6250182523547123,-1.1628345013293169,-0.030951980953850884,-0.38193846015955996,0.5422654823175038,-1.438581460909223,0.23012557800578273,0.45982403042145864,0.1645354281342542
IND,8,-0.11996870463637203,0.025694684409842378,5.703237083728382,3.5133792199064375,0.6288231152676125,-2.2784841544676206,0.049111414900888585,0.2846612575549333,0.2645734054252199,0.02617423585192933,0.5654963578906124,61.0,24.0,28.875,-4.875,0.1407783793769441,-0.033537966985157784,7.5267548099021315,4.2362108836577,0.6174008741610822,-0.020835919860929808,0.04663161984590556,0.33061630974577405,0.292242505265656,0.0077344800159258945,0.5635763463441738,63.875,-1.1847994307581378,0.8917563891900714,-1.158429705749093,-1.3796409530042058,0.4744455615277942,0.23639121696220494,0.9450986512763003,0.048101049768145686,0.15410950456746988,-0.06451873923508217,0.8583902568554502
JAX,8,0.3483728448298045,-0.017887022314769276,7.826342203577518,3.8015864463601536,0.6802634015199607,9.029952013169751,0.06496513467330217,0.39260589475725194,0.26275143678160917,0.008312939967974864,0.5371572697938428,59.75,31.25,14.625,16.625,-0.1702104653983672,-0.07379740534197694,6.506935146166645,3.6983929850464294,0.6445845725615801,1.911222642756261,0.06291490712446594,0.2974988260211221,0.22667794505546054,0.03070559607652233,0.6176532418924217,60.0,1.9420903261132565,0.3900942190252911,1.3342446439552251,-0.8125733276057471,-1.2970569695404386,-0.28542041072750546,-0.20665199533125053,-1.1472937049384735,-0.3959942098114783,-0.3922329702704202,-0.40687443081261315
KC,8,-0.08544075427429791,-0.01784579273402273,6.010972811685281,4.440172560480893,0.612548139251125,-3.3693303002580626,0.08691554999941573,0.2639863096097473,0.2580973502548899,0.012686238250063658,0.571805362298805,57.25,20.625,19.125,1.5,-0.05572578246190212,-0.11692808490816957,5.7464375420533305,3.677779552957702,0.6226236926741142,-2.67181090061069,0.05524601117273531,0.2886851787209824,0.21276175362225835,0.018463056046851993,0.5453037198995982,64.875,-0.9542730244719693,0.39056880624334095,-0.7971263730058435,0.443888961014316,-0.6449116948859034,-0.8444468409605099,-1.0655328724391364,-1.1931106787859287,0.27657663361300644,-1.0476614323410962,1.1849101762536602
LA,8,0.18193383102302338,-0.04192550752032913,7.5412065913014965,4.792119051250695,0.6146361066034687,-1.009384653822452,0.033229794376252106,0.34923087965709065,0.25795437379679537,0.020614318043870247,0.599687774085818,70.75,28.0,25.25,2.75,-0.019494050470675817,-0.007935755577792865,5.847637476043049,4.686384078884078,0.5928504353977364,-4.494032821473946,0.06292432932425941,0.315197594317863,0.222742303992304,0.014994420706390045,0.580272686348833,58.5,0.8308576199623661,0.11339099737552963,0.9994754324532629,1.1363679916197562,-0.4385229256237245,0.5682272323712554,-0.9512410093244713,1.0486900552153045,0.8178155837691926,2.4916522628405544,-0.896654309909928
LAC,8,-0.08577043078651413,-0.09611947601769265,6.351827513249927,4.211280368338558,0.6157802244896566,-0.41671579262427505,0.08829340704340705,0.2944151881113088,0.2203121501343484,0.026176140269292637,0.5608486055682882,62.125,17.0,21.875,-4.875,0.014659545510640023,-0.18055840185757804,7.0233970311899006,3.5493515317552538,0.6332284561470749,-1.489041472447979,0.08177442220735939,0.32270336153188445,0.19902361992073775,0.02267670274088658,0.5127691323618178,61.0,-0.9564741149161226,-0.5104272486151884,-0.3969390419015379,-0.006472237306455881,-0.24397195460836146,-1.669173678019305,0.37662300041149976,-1.4785645160404628,0.0638897414158334,0.23042406869672205,-0.08035451141440322
LV,8,-0.0782885055966751,-0.23459062429350427,5.826019696903604,3.522472327267586,0.6337569196171144,-1.7789728812553203,0.07778255586482047,0.2939165444706733,0.16548398323721597,0.01943073171920622,0.5610755990873748,59.75,20.0,23.0,-3.0,0.030376162500259474,-0.10657202904169252,6.575533731619258,4.546613099085492,0.6382552483358934,-1.1388816521545682,0.08555804119126487,0.31601837033580454,0.2465369839458525,0.017788978494623655,0.5356655328083965,61.75,-0.9065209231387714,-2.1043468531914757,-1.0142743044973217,-1.3617496361825305,-0.15444454150434275,-0.7102196736503965,-0.12917901852865551,0.7380244999355976,0.0682960221529941,-0.3922329702704202,0.1645354281342542
MIA,8,-0.08552357094784106,-0.12981864460658232,6.61775438806547,4.260907572567403,0.622245389591937,-2.298512081232136,0.09449070923237211,0.29371712626873697,0.18532333655560854,0.02115386278584297,0.5422949163688355,53.0,14.0,28.625,-14.625,0.37047209523101876,-0.034773158308008506,8.518959598393305,4.154568041188357,0.7918264855764856,14.129573668178388,0.03981670249833197,0.4151663490678151,0.2506530324752574,0.012234744644126307,0.51906393713906,59.875,-0.9548259513017485,-0.8983330769453164,-0.08472223569985646,0.09117271491591539,1.7828622647055148,0.22038162465313166,2.065661969820256,-0.13336450929784618,-0.29626487291753834,-2.1618898178612453,-0.4476894207373894
MIN,8,-0.10997327059602348,-0.06870669517816813,6.110847785025939,3.9057170554056126,0.6228178297239785,-1.6836332204007076,0.11824486302134102,0.28703970098207243,0.20436823046189023,0.012989223582028486,0.49231588303922447,58.0,21.875,12.875,9.0,-0.3888597580555023,-0.14288762218624212,5.012554235853738,3.981380325582217,0.5462710865721434,-11.055082249564965,0.14697774173659453,0.20289526245662942,0.2271017620989812,0.028910316900055705,0.5268823349703764,58.625,-1.1180647574158427,-0.19488304074135326,-0.6798661479250665,-0.6076891616905439,-2.5425607291310572,-1.1809142372784798,-1.8943564404744975,-0.5183046300148758,-1.2664320068000987,-0.8510328937198934,-0.8558393199851517
NE,8,0.16623761560158618,0.08868426681506317,7.769344002660566,5.0473363569004395,0.6843176835831114,8.71492458963859,0.06938298801301897,0.3354984795261498,0.2970125887230499,0.02360227017837769,0.5117872998848914,61.625,25.5,19.5,6.0,0.004219220760639311,-0.0011950811828712743,6.117619428407968,4.4477226117986985,0.6677852708481512,3.9980752154913812,0.06392068040141062,0.29743897076554277,0.2405915055371577,0.017058062860301666,0.5321569237147595,58.375,0.7260615896317636,1.6168195632151336,1.2673247575696305,1.638525669122111,-0.3034437396274132,0.6555946279758843,-0.6463323090257517,0.5182230204789658,-0.8884629382666906,0.09933837628258683,-0.9374692998347042
NO,8,0.14559783956704073,-0.08953835979276548,7.107194714628131,3.649600957987686,0.6992280295956766,4.870869748222756,0.07602689755114865,0.3253449983843532,0.25417812228452963,0.01490603367815198,0.6329412760257521,68.625,25.625,24.5,1.125,0.05799804953246461,-0.048380387965520404,6.3957924614525155,4.133167000263774,0.6377280145929339,0.45418312838306374,0.08403179858976713,0.3055453745980422,0.2552291734549799,0.009985688264376787,0.5539699916945594,62.5,0.5882597987376998,-0.43467305504114057,0.48991504265607405,-1.1116152740790812,0.002899503507257648,0.044015263229927305,-0.3321728727345326,-0.1809320821372153,1.4633153567612032,1.9345380700804797,0.40942536768291166
NYG,8,-0.0524428906316367,-0.027840505973942678,5.570004668876713,4.194626299987291,0.6208323523517489,-3.0495929787488376,0.10490668187696425,0.2864017202280429,0.23149460947013784,0.014728341858909188,0.5040518539422436,61.125,23.0,18.875,4.125,-0.0602493268192795,-0.04755900629483796,6.557376277275174,4.219459866637286,0.6417824702283168,2.8042358964176435,0.05579216953297836,0.34232890322044734,0.24495826693407338,0.0325958251434658,0.5384650378525151,57.0,-0.7339622663500742,0.27552123443079896,-1.3148539072382397,-0.03924026713478889,-0.6706794046064342,0.05466137564546977,-0.14968544777806217,0.010868971895860032,-1.0386194122822805,-0.03174731613154837,-1.386434189007243
NYJ,8,-0.10585474446193305,-0.14038964687121733,5.624929933635065,3.720684691161665,0.6506059765699292,-1.563048364110728,0.08950408862567608,0.2466495036673247,0.22495648698809453,0.013516267162602747,0.5655604967396795,58.5,15.0,29.75,-14.75,0.3799893147280837,-0.13541173550296665,7.608999241572034,4.199079764980928,0.6982048681541583,6.544395158566939,0.04524056946799039,0.4026320934509633,0.25558831672203763,0.009030196934405658,0.5403483523228216,65.375,-1.0905673525907247,-1.0200142210639525,-1.2503677933224147,-0.9717531190893647,1.8370757154804571,-1.084017589986751,1.0379827961149215,-0.03442938407798455,0.15535453471760435,-0.7199472013057582,1.3481701359527651
PHI,8,0.02363411658250472,0.009973471237400267,6.072015840837559,4.381363198031268,0.6119599888349889,2.2123586057451585,0.075402124144758,0.31022524927519474,0.23689007647581484,0.010807500190650498,0.5248598825202909,59.75,20.625,18.375,2.25,-0.07329098310499965,-0.014883556671813984,5.82452472983406,3.7941509904099266,0.6159988402475615,-1.2402640583376079,0.060205290399255915,0.30317188263055406,0.23164480699949058,0.01435450685047784,0.5249578413534433,61.625,-0.226032925332873,0.7107919775036285,-0.7254575745212223,0.32817747825292953,-0.7449692947668587,0.4781752210738491,-0.9773437815475258,-0.9344547168195048,-0.6347047284152314,-0.3922329702704202,0.12372043820947798
PIT,8,0.006128170350736935,0.005928671879043928,5.986920574147602,4.990350035338951,0.6222017283543314,-1.8158959688102954,0.06752447846565017,0.2828576206518634,0.26626670087053383,0.0097562373513787,0.6302555873681351,65.5,20.75,20.375,0.375,0.057264015361963495,-0.1259101344399286,7.74546796679198,3.8586179915514593,0.6789291408856626,2.740856430088469,0.09472419028340082,0.320305722238288,0.19146393369175627,0.023217189733310755,0.5751474556096041,55.375,-0.34291165202036994,0.6642329283866223,-0.8253653871755373,1.5264011452311184,-0.0012818149315847174,-0.96086520339807,1.192106067221556,-0.7911654822751658,1.4111821582201773,1.1152524924921348,-1.9170290580293339
SEA,8,0.07921854640663539,-0.09856000475119633,7.257563213816074,4.1676554001554,0.6774663999328322,3.3793763246155306,0.06720985878880616,0.3526374871426359,0.23301719114219116,0.017636351811716904,0.5246481717001501,61.5,25.125,17.375,7.75,-0.16750320090578563,-0.17485011382614163,4.853633370597656,3.699234030615968,0.6320382772895734,-1.4483557814682526,0.0667943167943168,0.24388349745492602,0.18313837243954653,0.02371035047348707,0.5583222367959985,60.875,0.14507739886688767,-0.5385197909411538,0.666458209277968,-0.0923073755162172,-1.281635432782924,-1.5951872740708506,-2.0738364170104266,-1.1454243334190581,-0.638814349308324,0.06656695317905303,-0.12116950133917946
SF,8,0.42518257263094494,0.029681904906541337,8.516744055576776,4.75168661878849,0.7207763913646267,8.207690711088242,0.027560399159663865,0.47074929087796735,0.2602688016103565,0.010447204449961802,0.5229374568883498,59.25,31.5,20.75,10.75,0.11454549228960391,0.04885395890306228,6.4571042068773465,4.276404964767034,0.6457366554817829,-1.3960033439034845,0.038655666945140624,0.3092234297429397,0.26235648929614447,0.004348154869933454,0.5771821487791421,62.0,2.454911687709771,0.9376526570884076,2.1448248509254744,1.0568143879591345,0.32501375182405406,1.30429148360713,-0.26292941239662465,0.13743945567173713,-0.6720218600440595,-0.5233186626845554,0.24616540798380668
TB,8,-0.05108889656275027,-0.012653989376311668,6.218741859035958,4.11996478320067,0.6663303428009311,2.196564983945712,0.09905159812538586,0.32373381778843185,0.2390207809663455,0.029176959151592283,0.5729832316284178,61.25,19.625,22.75,-3.125,0.1228007875639109,-0.14432601969496556,6.872865604575163,3.6495580285254197,0.678125816353187,5.028463616802904,0.04355085784313725,0.30824944561157797,0.22189929836668967,0.01390434961863533,0.5938371813371812,56.375,-0.7249223035500806,0.45033083795898465,-0.553190936106546,-0.18614195851078816,0.37203883558137163,-1.1995576306273756,0.20661777879885837,-1.2558379743320351,0.2994408235636677,0.0010241069719854313,-1.590509138631124
TEN,8,-0.10841063972119314,0.026686397094947405,5.887141604943963,4.375023433916356,0.628693805055561,1.4862935780014612,0.04935761236312707,0.27515384713185165,0.24851815796121604,0.008442756547082302,0.5752487571179323,57.375,17.25,25.5,-8.25,0.24441872834061978,-0.07001880708816585,7.830497322051736,3.596292987023465,0.7298314086029603,9.41421324469794,0.07408278981781811,0.3673931517824037,0.2140787981802713,0.0052579365079365075,0.5159929990828245,59.625,-1.1076318276835837,0.9031718378996277,-0.9425128966646205,0.3157035544500264,1.0648176716354616,-0.23644514962894392,1.2881354127848001,-1.3742288858005456,0.3434180320943894,-1.0148900092375623,-0.5293194005869418
WAS,8,0.030571729221058434,-0.05336372324982612,6.442042124542125,4.551714600495089,0.5778171004321574,-0.24346291396735853,0.049462204462204465,0.33097485847485847,0.2428022007861947,0.01277875951586589,0.5003800225132892,59.125,22.75,27.375,-4.625,0.07475384034366883,0.029551193879589422,6.652420774334399,4.427833395993826,0.6206965960164438,1.3167440864161608,0.06517782354494411,0.3260315464801239,0.23595103146026603,0.013529054461927897,0.580428933496383,64.875,-0.17971384490671535,-0.01827250451371443,-0.29102075955450735,0.6633556292906144,0.09834641850365874,1.0541040083984918,-0.04234533183689288,0.4740157445408374,-1.1098951040315663,-0.5560900857880892,1.1849101762536602
