season,week,gameday,game_id,away_team,home_team,final_score,total_line,total_side,total_probability,break_even_probability,total_edge,price,actual_total,result,unit_profit
2025,1,2025-09-07,2025_01_HOU_LA,HOU,LA,HOU 9 - LA 14,43.5,OVER,0.6119087565347066,0.5121951219512195,0.09971363458348703,-105.0,23.0,LOSS,-1.0
2025,2,2025-09-14,2025_02_CAR_ARI,CAR,ARI,CAR 22 - ARI 27,45.5,OVER,0.5787595924351985,0.5238095238095238,0.05495006862567464,-110.0,49.0,WIN,0.9090909090909091
2025,2,2025-09-14,2025_02_NYG_DAL,NYG,DAL,NYG 37 - DAL 40,44.5,OVER,0.5735573508888825,0.5238095238095238,0.04974782707935865,-110.0,77.0,WIN,0.9090909090909091
2025,2,2025-09-15,2025_02_TB_HOU,TB,HOU,TB 20 - HOU 19,42.5,OVER,0.5813356286206841,0.5238095238095238,0.05752610481116027,-110.0,39.0,LOSS,-1.0
2025,4,2025-09-28,2025_04_CLE_DET,CLE,DET,CLE 10 - DET 34,44.5,OVER,0.5771097435176574,0.5121951219512195,0.0649146215664379,-105.0,44.0,LOSS,-1.0
2025,4,2025-09-28,2025_04_TEN_HOU,TEN,HOU,TEN 0 - HOU 26,39.5,OVER,0.6453117822289216,0.5348837209302325,0.1104280612986891,-115.0,26.0,LOSS,-1.0
2025,5,2025-10-02,2025_05_SF_LA,SF,LA,SF 26 - LA 23,43.5,OVER,0.5880815109732527,0.5283018867924528,0.05977962418079985,-112.0,49.0,WIN,0.8928571428571429
2025,5,2025-10-05,2025_05_TEN_ARI,TEN,ARI,TEN 22 - ARI 21,41.5,OVER,0.757544465731115,0.5238095238095238,0.23373494192159117,-110.0,43.0,WIN,0.9090909090909091
2025,6,2025-10-12,2025_06_ARI_IND,ARI,IND,ARI 27 - IND 31,46.5,OVER,0.5526243861484097,0.49504950495049505,0.05757488119791465,102.0,58.0,WIN,1.02
2025,7,2025-10-19,2025_07_GB_ARI,GB,ARI,GB 27 - ARI 23,44.5,OVER,0.623781750764362,0.5238095238095238,0.0999722269548382,-110.0,50.0,WIN,0.9090909090909091
2025,7,2025-10-20,2025_07_TB_DET,TB,DET,TB 9 - DET 24,54.5,OVER,0.5568395674558018,0.5121951219512195,0.04464444550458224,-105.0,33.0,LOSS,-1.0
2025,8,2025-10-26,2025_08_MIA_ATL,MIA,ATL,MIA 34 - ATL 10,44.5,OVER,0.5911595886732275,0.5121951219512195,0.07896446672200796,-105.0,44.0,LOSS,-1.0
2025,8,2025-10-26,2025_08_TB_NO,TB,NO,TB 23 - NO 3,46.5,OVER,0.6185266516600904,0.5238095238095238,0.09471712785056652,-110.0,26.0,LOSS,-1.0
2025,8,2025-10-26,2025_08_TEN_IND,TEN,IND,TEN 14 - IND 38,47.5,OVER,0.6073305847782188,0.5412844036697247,0.06604618110849403,-118.0,52.0,WIN,0.847457627118644
2025,9,2025-11-02,2025_09_MIN_DET,MIN,DET,MIN 27 - DET 24,47.5,OVER,0.7264658471979639,0.5348837209302325,0.1915821262677314,-115.0,51.0,WIN,0.8695652173913043
2025,9,2025-11-02,2025_09_NO_LA,NO,LA,NO 10 - LA 34,44.5,OVER,0.5866524482680231,0.5348837209302325,0.05176872733779059,-115.0,44.0,LOSS,-1.0
2025,10,2025-11-09,2025_10_ATL_IND,ATL,IND,ATL 25 - IND 31,48.5,OVER,0.5677134357673,0.5192307692307693,0.04848266653653077,-108.0,56.0,WIN,0.9259259259259259
2025,11,2025-11-16,2025_11_CHI_MIN,CHI,MIN,CHI 19 - MIN 17,47.5,OVER,0.5958278874253957,0.5412844036697247,0.054543483755670974,-118.0,36.0,LOSS,-1.0
2025,12,2025-11-23,2025_12_CLE_LV,CLE,LV,CLE 24 - LV 10,35.5,OVER,0.6346699410491609,0.5412844036697247,0.09338553737943611,-118.0,34.0,LOSS,-1.0
2025,12,2025-11-23,2025_12_TB_LA,TB,LA,TB 7 - LA 34,49.5,OVER,0.6825808197803175,0.5454545454545454,0.13712627432577207,-120.0,41.0,LOSS,-1.0
2025,13,2025-11-27,2025_13_GB_DET,GB,DET,GB 31 - DET 24,48.5,OVER,0.5663677447685281,0.5238095238095238,0.0425582209590043,-110.0,55.0,WIN,0.9090909090909091
2025,13,2025-11-27,2025_13_KC_DAL,KC,DAL,KC 28 - DAL 31,53.5,OVER,0.6453700075665687,0.5238095238095238,0.12156048375704487,-110.0,59.0,WIN,0.9090909090909091
2025,13,2025-11-30,2025_13_HOU_IND,HOU,IND,HOU 20 - IND 16,44.5,OVER,0.6748492787440314,0.5192307692307693,0.15561850951326217,-108.0,36.0,LOSS,-1.0
2025,14,2025-12-07,2025_14_SEA_ATL,SEA,ATL,SEA 37 - ATL 9,44.5,OVER,0.5978620781439004,0.5283018867924528,0.06956019135144753,-112.0,46.0,WIN,0.8928571428571429
2025,15,2025-12-14,2025_15_DET_LA,DET,LA,DET 34 - LA 41,54.5,OVER,0.7103315789500562,0.5348837209302325,0.17544785801982365,-115.0,75.0,WIN,0.8695652173913043
2025,16,2025-12-21,2025_16_PIT_DET,PIT,DET,PIT 29 - DET 24,52.5,OVER,0.556896657953285,0.5121951219512195,0.0447015360020655,-105.0,53.0,WIN,0.9523809523809523
2025,17,2025-12-29,2025_17_LA_ATL,LA,ATL,LA 24 - ATL 27,48.5,OVER,0.6026347509295815,0.5348837209302325,0.06775102999934901,-115.0,51.0,WIN,0.8695652173913043
2025,18,2026-01-04,2025_18_ARI_LA,ARI,LA,ARI 20 - LA 37,49.5,OVER,0.5683675063174248,0.5283018867924528,0.04006561952497201,-112.0,57.0,WIN,0.8928571428571429
2025,18,2026-01-04,2025_18_GB_MIN,GB,MIN,GB 3 - MIN 16,37.5,OVER,0.6474517732304705,0.504950495049505,0.14250127818096558,-102.0,19.0,LOSS,-1.0
2025,18,2026-01-04,2025_18_KC_LV,KC,LV,KC 12 - LV 14,36.5,OVER,0.5648272700516808,0.504950495049505,0.05987677500217581,-102.0,26.0,LOSS,-1.0
